Ticker1,Ticker2,Correlation
,,1.0
ADANIGREEN,,0.1306545275171274
ADANIPORTS,,0.13339957142274125
AIRTEL,,0.12122592780048838
APOLLOHOSP,,0.2317356789069558
ASIANPAINT,,0.42689645037132834
AXISBANK,,0.13077533096250718
BAJAJ-AUTO,,0.09470688126432451
BAJAJFINSV,,0.22547755496666103
BAJFINANCE,,0.20793572741340904
BEL,,0.07318681689648109
BPCL,,0.02018756929071287
CIPLA,,0.14979661874768815
COALINDIA,,0.0770649636487559
DRREDDY,,0.18636660342425213
EICHERMOT,,0.10598132969850758
GRASIM,,0.21844016640295544
HCLTECH,,0.11741685606537981
HDFCBANK,,0.06990503111278008
HDFCLIFE,,-0.0006101619056688689
HEROMOTOCO,,0.18468844471408838
HINDALCO,,0.10398959279612636
HINDUNILVR,,0.46828334590775983
ICICIBANK,,0.046590157878153265
INDUSINDBK,,0.11789502838816954
INFY,,0.1066992748955334
ITC,,0.37640022948131746
JSWSTEEL,,0.19542312489178917
KOTAKBANK,,0.22539551167605787
LT,,0.09259906996851873
M&M,,0.1265865854047145
MARUTI,,0.17399945073060336
NESTLEIND,,0.4637505359571739
NTPC,,0.0790820109299389
ONGC,,0.03895356551339911
POWERGRID,,-0.026592130238989525
RELIANCE,,0.13750535117666066
SBILIFE,,0.08849708581332989
SBIN,,-0.0013209616659921924
SHRIRAMFIN,,0.11630855727764502
SUNPHARMA,,0.1879360101779578
TATACONSUMER,,0.4050083317635453
TATAMOTORS,,0.10901851131774232
TATASTEEL,,0.1188338580755277
TCS,,0.1176574228785195
TECHM,,0.12966400740384826
TITAN,,0.07310938682866647
TRENT,,0.034250779269502325
ULTRACEMCO,,0.18181408288916096
WIPRO,,0.1691095118602568
,ADANIGREEN,0.1306545275171274
ADANIGREEN,ADANIGREEN,1.0
ADANIPORTS,ADANIGREEN,0.8742327718906922
AIRTEL,ADANIGREEN,0.2828588856679531
APOLLOHOSP,ADANIGREEN,0.13650102811323397
ASIANPAINT,ADANIGREEN,0.2915825013322293
AXISBANK,ADANIGREEN,0.29773589538619555
BAJAJ-AUTO,ADANIGREEN,0.2018713827275942
BAJAJFINSV,ADANIGREEN,0.35654728196026436
BAJFINANCE,ADANIGREEN,0.3360313317631641
BEL,ADANIGREEN,0.5226803439273445
BPCL,ADANIGREEN,0.45528917443931105
CIPLA,ADANIGREEN,0.09423833987571031
COALINDIA,ADANIGREEN,0.49453393923651795
DRREDDY,ADANIGREEN,0.16455213475025532
EICHERMOT,ADANIGREEN,0.33164697118309283
GRASIM,ADANIGREEN,0.34446791320876796
HCLTECH,ADANIGREEN,0.13991584818529543
HDFCBANK,ADANIGREEN,0.33811803466909623
HDFCLIFE,ADANIGREEN,0.21683936983717594
HEROMOTOCO,ADANIGREEN,0.20857649616245805
HINDALCO,ADANIGREEN,0.3049663395211938
HINDUNILVR,ADANIGREEN,-0.0007956567569890336
ICICIBANK,ADANIGREEN,0.3945843733469138
INDUSINDBK,ADANIGREEN,0.39134697585260536
INFY,ADANIGREEN,0.1151490132008911
ITC,ADANIGREEN,0.2458028586259034
JSWSTEEL,ADANIGREEN,0.40566412739227775
KOTAKBANK,ADANIGREEN,0.24375207896029524
LT,ADANIGREEN,0.4831361669543136
M&M,ADANIGREEN,0.3045447926385933
MARUTI,ADANIGREEN,0.31565893828886393
NESTLEIND,ADANIGREEN,0.11501655149208942
NTPC,ADANIGREEN,0.5459596333932084
ONGC,ADANIGREEN,0.4849098585045118
POWERGRID,ADANIGREEN,0.4039462756861802
RELIANCE,ADANIGREEN,0.48709678829663877
SBILIFE,ADANIGREEN,0.2891926637601976
SBIN,ADANIGREEN,0.5446973988449255
SHRIRAMFIN,ADANIGREEN,0.4102982543331034
SUNPHARMA,ADANIGREEN,0.16625555123449853
TATACONSUMER,ADANIGREEN,0.20384725008722163
TATAMOTORS,ADANIGREEN,0.3240711368540584
TATASTEEL,ADANIGREEN,0.4235630087690204
TCS,ADANIGREEN,0.11579045507499162
TECHM,ADANIGREEN,0.14167733642876768
TITAN,ADANIGREEN,0.28328071027247675
TRENT,ADANIGREEN,0.19041163423274673
ULTRACEMCO,ADANIGREEN,0.3611521740873146
WIPRO,ADANIGREEN,0.22400300357869157
,ADANIPORTS,0.13339957142274125
ADANIGREEN,ADANIPORTS,0.8742327718906922
ADANIPORTS,ADANIPORTS,1.0
AIRTEL,ADANIPORTS,0.31653678948863245
APOLLOHOSP,ADANIPORTS,0.16890218696579673
ASIANPAINT,ADANIPORTS,0.2740447644421619
AXISBANK,ADANIPORTS,0.38051441375563605
BAJAJ-AUTO,ADANIPORTS,0.20445588201234385
BAJAJFINSV,ADANIPORTS,0.3980409902991861
BAJFINANCE,ADANIPORTS,0.3987688092406956
BEL,ADANIPORTS,0.5856717101385667
BPCL,ADANIPORTS,0.4951165145628619
CIPLA,ADANIPORTS,0.09111765627994348
COALINDIA,ADANIPORTS,0.5462015362250399
DRREDDY,ADANIPORTS,0.16097227508658982
EICHERMOT,ADANIPORTS,0.2696101621425376
GRASIM,ADANIPORTS,0.3561018510820143
HCLTECH,ADANIPORTS,0.15263950984390606
HDFCBANK,ADANIPORTS,0.3753048989812308
HDFCLIFE,ADANIPORTS,0.24705928318329237
HEROMOTOCO,ADANIPORTS,0.20251187920765518
HINDALCO,ADANIPORTS,0.33776150800328864
HINDUNILVR,ADANIPORTS,0.002375597680073499
ICICIBANK,ADANIPORTS,0.44228876077180634
INDUSINDBK,ADANIPORTS,0.4224310250507616
INFY,ADANIPORTS,0.14939963769592102
ITC,ADANIPORTS,0.2737742060398364
JSWSTEEL,ADANIPORTS,0.4346056333880308
KOTAKBANK,ADANIPORTS,0.3058384052939919
LT,ADANIPORTS,0.5139742464591516
M&M,ADANIPORTS,0.31938111017856874
MARUTI,ADANIPORTS,0.30234181062017373
NESTLEIND,ADANIPORTS,0.08784346363558944
NTPC,ADANIPORTS,0.6104642922480006
ONGC,ADANIPORTS,0.5218032460309534
POWERGRID,ADANIPORTS,0.5116959571605549
RELIANCE,ADANIPORTS,0.5127359236075946
SBILIFE,ADANIPORTS,0.28461312511245185
SBIN,ADANIPORTS,0.579515887444585
SHRIRAMFIN,ADANIPORTS,0.46989037529577304
SUNPHARMA,ADANIPORTS,0.2158557940043052
TATACONSUMER,ADANIPORTS,0.22065499778075612
TATAMOTORS,ADANIPORTS,0.33924128192542985
TATASTEEL,ADANIPORTS,0.46604258720999453
TCS,ADANIPORTS,0.13242270962039474
TECHM,ADANIPORTS,0.14803390244205863
TITAN,ADANIPORTS,0.2961483418084938
TRENT,ADANIPORTS,0.20107648053316038
ULTRACEMCO,ADANIPORTS,0.4024886309461049
WIPRO,ADANIPORTS,0.23898560924883147
,AIRTEL,0.12122592780048838
ADANIGREEN,AIRTEL,0.2828588856679531
ADANIPORTS,AIRTEL,0.31653678948863245
AIRTEL,AIRTEL,1.0
APOLLOHOSP,AIRTEL,0.2368103920116221
ASIANPAINT,AIRTEL,0.14695328748843992
AXISBANK,AIRTEL,0.2386016975822221
BAJAJ-AUTO,AIRTEL,0.26205443101372006
BAJAJFINSV,AIRTEL,0.25766376003590313
BAJFINANCE,AIRTEL,0.29164122734138653
BEL,AIRTEL,0.30929441724928297
BPCL,AIRTEL,0.2650199796002171
CIPLA,AIRTEL,0.11996289410969121
COALINDIA,AIRTEL,0.2670370815406414
DRREDDY,AIRTEL,0.17809431030362347
EICHERMOT,AIRTEL,0.2947335761302531
GRASIM,AIRTEL,0.2971920079441291
HCLTECH,AIRTEL,0.2584367995257953
HDFCBANK,AIRTEL,0.21102824534153175
HDFCLIFE,AIRTEL,0.21503195908791412
HEROMOTOCO,AIRTEL,0.18391083276731263
HINDALCO,AIRTEL,0.29414928424467274
HINDUNILVR,AIRTEL,0.15853115551028493
ICICIBANK,AIRTEL,0.3666095767942784
INDUSINDBK,AIRTEL,0.23163899240921432
INFY,AIRTEL,0.28884601431215595
ITC,AIRTEL,0.26051545813380483
JSWSTEEL,AIRTEL,0.36482968466234794
KOTAKBANK,AIRTEL,0.3189908649455067
LT,AIRTEL,0.3239434796463674
M&M,AIRTEL,0.2919226925527728
MARUTI,AIRTEL,0.3480794838446675
NESTLEIND,AIRTEL,0.1060858205561435
NTPC,AIRTEL,0.36618679536727483
ONGC,AIRTEL,0.34641140970960943
POWERGRID,AIRTEL,0.3112279801484063
RELIANCE,AIRTEL,0.3659946828398583
SBILIFE,AIRTEL,0.2417230638954148
SBIN,AIRTEL,0.290364140540602
SHRIRAMFIN,AIRTEL,0.3607986754842975
SUNPHARMA,AIRTEL,0.27222667665739547
TATACONSUMER,AIRTEL,0.24873195165373588
TATAMOTORS,AIRTEL,0.26933117865011125
TATASTEEL,AIRTEL,0.30535156427306953
TCS,AIRTEL,0.19318275580109218
TECHM,AIRTEL,0.2723520791644865
TITAN,AIRTEL,0.27603700839023804
TRENT,AIRTEL,0.24792743014681906
ULTRACEMCO,AIRTEL,0.35412077020875876
WIPRO,AIRTEL,0.25913138188953433
,APOLLOHOSP,0.2317356789069558
ADANIGREEN,APOLLOHOSP,0.13650102811323397
ADANIPORTS,APOLLOHOSP,0.16890218696579673
AIRTEL,APOLLOHOSP,0.2368103920116221
APOLLOHOSP,APOLLOHOSP,1.0
ASIANPAINT,APOLLOHOSP,0.2580550091044096
AXISBANK,APOLLOHOSP,0.1793812902809024
BAJAJ-AUTO,APOLLOHOSP,0.22389982865179275
BAJAJFINSV,APOLLOHOSP,0.24939202484899445
BAJFINANCE,APOLLOHOSP,0.223142114093944
BEL,APOLLOHOSP,0.22459395037896862
BPCL,APOLLOHOSP,0.1749731116037148
CIPLA,APOLLOHOSP,0.23111419982026138
COALINDIA,APOLLOHOSP,0.24353676765517565
DRREDDY,APOLLOHOSP,0.2354479973306277
EICHERMOT,APOLLOHOSP,0.2903387309533501
GRASIM,APOLLOHOSP,0.258183900052624
HCLTECH,APOLLOHOSP,0.27918102640548
HDFCBANK,APOLLOHOSP,0.11023752261978258
HDFCLIFE,APOLLOHOSP,0.1416693251268474
HEROMOTOCO,APOLLOHOSP,0.24815300033560925
HINDALCO,APOLLOHOSP,0.0625473779803071
HINDUNILVR,APOLLOHOSP,0.10786527206672766
ICICIBANK,APOLLOHOSP,0.16430302282408987
INDUSINDBK,APOLLOHOSP,0.12915176060937117
INFY,APOLLOHOSP,0.12167130146685298
ITC,APOLLOHOSP,0.1740457448901118
JSWSTEEL,APOLLOHOSP,0.27605978619516347
KOTAKBANK,APOLLOHOSP,0.13979523467214766
LT,APOLLOHOSP,0.23588316565172254
M&M,APOLLOHOSP,0.25102858599079875
MARUTI,APOLLOHOSP,0.19406246723276557
NESTLEIND,APOLLOHOSP,0.2244460291731679
NTPC,APOLLOHOSP,0.19412871147539487
ONGC,APOLLOHOSP,0.1736580399945663
POWERGRID,APOLLOHOSP,0.17843781593489988
RELIANCE,APOLLOHOSP,0.2347277056851401
SBILIFE,APOLLOHOSP,0.16070603440418743
SBIN,APOLLOHOSP,0.1828501325830731
SHRIRAMFIN,APOLLOHOSP,0.2917677029475651
SUNPHARMA,APOLLOHOSP,0.2862267006851859
TATACONSUMER,APOLLOHOSP,0.096699678542963
TATAMOTORS,APOLLOHOSP,0.21235742708711508
TATASTEEL,APOLLOHOSP,0.25473089550031014
TCS,APOLLOHOSP,0.1068460170305316
TECHM,APOLLOHOSP,0.16911799216785398
TITAN,APOLLOHOSP,0.2533612455922524
TRENT,APOLLOHOSP,0.08951570956025826
ULTRACEMCO,APOLLOHOSP,0.2729509090857476
WIPRO,APOLLOHOSP,0.2237380831811699
,ASIANPAINT,0.42689645037132834
ADANIGREEN,ASIANPAINT,0.2915825013322293
ADANIPORTS,ASIANPAINT,0.2740447644421619
AIRTEL,ASIANPAINT,0.14695328748843992
APOLLOHOSP,ASIANPAINT,0.2580550091044096
ASIANPAINT,ASIANPAINT,1.0
AXISBANK,ASIANPAINT,0.12605495412838913
BAJAJ-AUTO,ASIANPAINT,0.16765031840915767
BAJAJFINSV,ASIANPAINT,0.2480895089244289
BAJFINANCE,ASIANPAINT,0.29692231689418414
BEL,ASIANPAINT,0.15695299268952667
BPCL,ASIANPAINT,0.2157870430370839
CIPLA,ASIANPAINT,0.14701800416538524
COALINDIA,ASIANPAINT,0.19498635297901867
DRREDDY,ASIANPAINT,0.14996097261207375
EICHERMOT,ASIANPAINT,0.25791414980589167
GRASIM,ASIANPAINT,0.34445261938387256
HCLTECH,ASIANPAINT,0.11748352916689656
HDFCBANK,ASIANPAINT,0.26432298479719046
HDFCLIFE,ASIANPAINT,0.20602238440023707
HEROMOTOCO,ASIANPAINT,0.1801867818401592
HINDALCO,ASIANPAINT,0.21225208678156796
HINDUNILVR,ASIANPAINT,0.2698886400210458
ICICIBANK,ASIANPAINT,0.15883876844346126
INDUSINDBK,ASIANPAINT,0.18085496714967206
INFY,ASIANPAINT,0.10430989690679814
ITC,ASIANPAINT,0.27555039963027667
JSWSTEEL,ASIANPAINT,0.33356619668119664
KOTAKBANK,ASIANPAINT,0.18120213777506164
LT,ASIANPAINT,0.22310100721080928
M&M,ASIANPAINT,0.1401207308761811
MARUTI,ASIANPAINT,0.26036616156082815
NESTLEIND,ASIANPAINT,0.2826313147898836
NTPC,ASIANPAINT,0.2220637061399649
ONGC,ASIANPAINT,0.12865361589102497
POWERGRID,ASIANPAINT,0.11166498193260861
RELIANCE,ASIANPAINT,0.29496314792607853
SBILIFE,ASIANPAINT,0.22035222755305742
SBIN,ASIANPAINT,0.10786553634810252
SHRIRAMFIN,ASIANPAINT,0.2025399141372579
SUNPHARMA,ASIANPAINT,0.20226174833853694
TATACONSUMER,ASIANPAINT,0.24427831720571966
TATAMOTORS,ASIANPAINT,0.10584721830751244
TATASTEEL,ASIANPAINT,0.2870503112737258
TCS,ASIANPAINT,0.16669854297765385
TECHM,ASIANPAINT,0.16295888852087534
TITAN,ASIANPAINT,0.3074044630485633
TRENT,ASIANPAINT,0.2230941660957296
ULTRACEMCO,ASIANPAINT,0.28064729044156406
WIPRO,ASIANPAINT,0.14064240159229244
,AXISBANK,0.13077533096250718
ADANIGREEN,AXISBANK,0.29773589538619555
ADANIPORTS,AXISBANK,0.38051441375563605
AIRTEL,AXISBANK,0.2386016975822221
APOLLOHOSP,AXISBANK,0.1793812902809024
ASIANPAINT,AXISBANK,0.12605495412838913
AXISBANK,AXISBANK,1.0
BAJAJ-AUTO,AXISBANK,0.19847726811746533
BAJAJFINSV,AXISBANK,0.39368303158577117
BAJFINANCE,AXISBANK,0.35407906457630023
BEL,AXISBANK,0.33051247245372484
BPCL,AXISBANK,0.22293609594640457
CIPLA,AXISBANK,0.08525963060396051
COALINDIA,AXISBANK,0.33255272516175144
DRREDDY,AXISBANK,0.09146149968460622
EICHERMOT,AXISBANK,0.2861612260064072
GRASIM,AXISBANK,0.36705276889624344
HCLTECH,AXISBANK,0.10749568588042561
HDFCBANK,AXISBANK,0.42493057844684556
HDFCLIFE,AXISBANK,0.25147867968575494
HEROMOTOCO,AXISBANK,0.1725822614323336
HINDALCO,AXISBANK,0.22737454783495714
HINDUNILVR,AXISBANK,0.009843145897469005
ICICIBANK,AXISBANK,0.6367860712450544
INDUSINDBK,AXISBANK,0.33966104800646485
INFY,AXISBANK,0.08646718438208449
ITC,AXISBANK,0.27500064934151214
JSWSTEEL,AXISBANK,0.3659663237514709
KOTAKBANK,AXISBANK,0.2920391919103795
LT,AXISBANK,0.3520807556299017
M&M,AXISBANK,0.2355560287307913
MARUTI,AXISBANK,0.2603712445873796
NESTLEIND,AXISBANK,0.10034446073619788
NTPC,AXISBANK,0.3948134609675543
ONGC,AXISBANK,0.31344947827043435
POWERGRID,AXISBANK,0.294692628398174
RELIANCE,AXISBANK,0.42345648695274773
SBILIFE,AXISBANK,0.18305336272358966
SBIN,AXISBANK,0.5161224530316103
SHRIRAMFIN,AXISBANK,0.44856441977753825
SUNPHARMA,AXISBANK,0.14399116186911057
TATACONSUMER,AXISBANK,0.1397468760601615
TATAMOTORS,AXISBANK,0.23214517169866175
TATASTEEL,AXISBANK,0.37095708164183383
TCS,AXISBANK,0.0946685266965614
TECHM,AXISBANK,0.1364691783195106
TITAN,AXISBANK,0.14593141014981456
TRENT,AXISBANK,0.19974789949861588
ULTRACEMCO,AXISBANK,0.3970237616996549
WIPRO,AXISBANK,0.20780225668871427
,BAJAJ-AUTO,0.09470688126432451
ADANIGREEN,BAJAJ-AUTO,0.2018713827275942
ADANIPORTS,BAJAJ-AUTO,0.20445588201234385
AIRTEL,BAJAJ-AUTO,0.26205443101372006
APOLLOHOSP,BAJAJ-AUTO,0.22389982865179275
ASIANPAINT,BAJAJ-AUTO,0.16765031840915767
AXISBANK,BAJAJ-AUTO,0.19847726811746533
BAJAJ-AUTO,BAJAJ-AUTO,1.0
BAJAJFINSV,BAJAJ-AUTO,0.23765422527427105
BAJFINANCE,BAJAJ-AUTO,0.17855355039207552
BEL,BAJAJ-AUTO,0.23342951573397247
BPCL,BAJAJ-AUTO,0.21553089516939256
CIPLA,BAJAJ-AUTO,0.04353632458552275
COALINDIA,BAJAJ-AUTO,0.225769933155767
DRREDDY,BAJAJ-AUTO,0.1048900615339811
EICHERMOT,BAJAJ-AUTO,0.27613010745461614
GRASIM,BAJAJ-AUTO,0.2006611069523685
HCLTECH,BAJAJ-AUTO,0.12451594805403986
HDFCBANK,BAJAJ-AUTO,0.1822326625269816
HDFCLIFE,BAJAJ-AUTO,0.19190170740372323
HEROMOTOCO,BAJAJ-AUTO,0.4068006967052391
HINDALCO,BAJAJ-AUTO,0.21686021726845914
HINDUNILVR,BAJAJ-AUTO,0.12495520284345998
ICICIBANK,BAJAJ-AUTO,0.10852224778301449
INDUSINDBK,BAJAJ-AUTO,0.20611752897820393
INFY,BAJAJ-AUTO,-0.0034872383004443987
ITC,BAJAJ-AUTO,0.14041332240898494
JSWSTEEL,BAJAJ-AUTO,0.22346056490339763
KOTAKBANK,BAJAJ-AUTO,0.08262777274474209
LT,BAJAJ-AUTO,0.17576285397902433
M&M,BAJAJ-AUTO,0.27162767362712065
MARUTI,BAJAJ-AUTO,0.3420054021668423
NESTLEIND,BAJAJ-AUTO,0.17900471577742583
NTPC,BAJAJ-AUTO,0.20255979200490437
ONGC,BAJAJ-AUTO,0.1878708958366479
POWERGRID,BAJAJ-AUTO,0.16836442536932567
RELIANCE,BAJAJ-AUTO,0.2469613290708274
SBILIFE,BAJAJ-AUTO,0.19021110505454747
SBIN,BAJAJ-AUTO,0.15485382685813512
SHRIRAMFIN,BAJAJ-AUTO,0.3011416075976083
SUNPHARMA,BAJAJ-AUTO,0.1499568504484307
TATACONSUMER,BAJAJ-AUTO,0.1851350828121931
TATAMOTORS,BAJAJ-AUTO,0.294698277500844
TATASTEEL,BAJAJ-AUTO,0.2836905519549172
TCS,BAJAJ-AUTO,0.017590812364384093
TECHM,BAJAJ-AUTO,0.037877025808404886
TITAN,BAJAJ-AUTO,0.20105970208514465
TRENT,BAJAJ-AUTO,0.22339932769929818
ULTRACEMCO,BAJAJ-AUTO,0.26334151930303756
WIPRO,BAJAJ-AUTO,0.10249225299600981
,BAJAJFINSV,0.22547755496666103
ADANIGREEN,BAJAJFINSV,0.35654728196026436
ADANIPORTS,BAJAJFINSV,0.3980409902991861
AIRTEL,BAJAJFINSV,0.25766376003590313
APOLLOHOSP,BAJAJFINSV,0.24939202484899445
ASIANPAINT,BAJAJFINSV,0.2480895089244289
AXISBANK,BAJAJFINSV,0.39368303158577117
BAJAJ-AUTO,BAJAJFINSV,0.23765422527427105
BAJAJFINSV,BAJAJFINSV,1.0
BAJFINANCE,BAJAJFINSV,0.7487227478618119
BEL,BAJAJFINSV,0.3462608024731707
BPCL,BAJAJFINSV,0.3452858837599202
CIPLA,BAJAJFINSV,0.13592832671322808
COALINDIA,BAJAJFINSV,0.27973864895104394
DRREDDY,BAJAJFINSV,0.2577564916617612
EICHERMOT,BAJAJFINSV,0.2413557153873387
GRASIM,BAJAJFINSV,0.4350985039815248
HCLTECH,BAJAJFINSV,0.26782642256031913
HDFCBANK,BAJAJFINSV,0.3187053884007639
HDFCLIFE,BAJAJFINSV,0.34735050469943846
HEROMOTOCO,BAJAJFINSV,0.23621133941250186
HINDALCO,BAJAJFINSV,0.29624170160014573
HINDUNILVR,BAJAJFINSV,0.13945401694298298
ICICIBANK,BAJAJFINSV,0.41541877646453335
INDUSINDBK,BAJAJFINSV,0.42296026356210936
INFY,BAJAJFINSV,0.24134770192708113
ITC,BAJAJFINSV,0.30363592271009415
JSWSTEEL,BAJAJFINSV,0.44752583139088487
KOTAKBANK,BAJAJFINSV,0.2731039751871352
LT,BAJAJFINSV,0.3989924119426429
M&M,BAJAJFINSV,0.3376841895934924
MARUTI,BAJAJFINSV,0.32927555061094294
NESTLEIND,BAJAJFINSV,0.2737449871748948
NTPC,BAJAJFINSV,0.39122550744968687
ONGC,BAJAJFINSV,0.3057365564941464
POWERGRID,BAJAJFINSV,0.3070340339723172
RELIANCE,BAJAJFINSV,0.4072007302530863
SBILIFE,BAJAJFINSV,0.4057174140421663
SBIN,BAJAJFINSV,0.41985865031145836
SHRIRAMFIN,BAJAJFINSV,0.46879071013864454
SUNPHARMA,BAJAJFINSV,0.213243267518819
TATACONSUMER,BAJAJFINSV,0.3044968379064375
TATAMOTORS,BAJAJFINSV,0.28016899304461806
TATASTEEL,BAJAJFINSV,0.4565703359871316
TCS,BAJAJFINSV,0.2348415286667764
TECHM,BAJAJFINSV,0.2042760675568545
TITAN,BAJAJFINSV,0.3295268898746543
TRENT,BAJAJFINSV,0.2011333559796427
ULTRACEMCO,BAJAJFINSV,0.46310659739899224
WIPRO,BAJAJFINSV,0.3066495143438878
,BAJFINANCE,0.20793572741340904
ADANIGREEN,BAJFINANCE,0.3360313317631641
ADANIPORTS,BAJFINANCE,0.3987688092406956
AIRTEL,BAJFINANCE,0.29164122734138653
APOLLOHOSP,BAJFINANCE,0.223142114093944
ASIANPAINT,BAJFINANCE,0.29692231689418414
AXISBANK,BAJFINANCE,0.35407906457630023
BAJAJ-AUTO,BAJFINANCE,0.17855355039207552
BAJAJFINSV,BAJFINANCE,0.7487227478618119
BAJFINANCE,BAJFINANCE,1.0
BEL,BAJFINANCE,0.31582182849130636
BPCL,BAJFINANCE,0.2726077448987997
CIPLA,BAJFINANCE,0.053728416249761435
COALINDIA,BAJFINANCE,0.2802464284976224
DRREDDY,BAJFINANCE,0.08830834706220486
EICHERMOT,BAJFINANCE,0.1895783026920611
GRASIM,BAJFINANCE,0.3689801356272415
HCLTECH,BAJFINANCE,0.18318710876005104
HDFCBANK,BAJFINANCE,0.3316323063963939
HDFCLIFE,BAJFINANCE,0.3071010890830492
HEROMOTOCO,BAJFINANCE,0.17123927720211993
HINDALCO,BAJFINANCE,0.2545385705775563
HINDUNILVR,BAJFINANCE,0.127433323506749
ICICIBANK,BAJFINANCE,0.35000757601999377
INDUSINDBK,BAJFINANCE,0.4062664984286061
INFY,BAJFINANCE,0.1974462437124762
ITC,BAJFINANCE,0.30440358287275265
JSWSTEEL,BAJFINANCE,0.39093433598758565
KOTAKBANK,BAJFINANCE,0.315904194544074
LT,BAJFINANCE,0.3789189931383417
M&M,BAJFINANCE,0.2679731846701756
MARUTI,BAJFINANCE,0.28124404371038425
NESTLEIND,BAJFINANCE,0.24697473503701836
NTPC,BAJFINANCE,0.32826019804141093
ONGC,BAJFINANCE,0.31629740550245333
POWERGRID,BAJFINANCE,0.24510084205888233
RELIANCE,BAJFINANCE,0.41334172764902644
SBILIFE,BAJFINANCE,0.335100937267961
SBIN,BAJFINANCE,0.39769633642397356
SHRIRAMFIN,BAJFINANCE,0.4616176412939546
SUNPHARMA,BAJFINANCE,0.13726193957843952
TATACONSUMER,BAJFINANCE,0.23636949321363698
TATAMOTORS,BAJFINANCE,0.21274826620313564
TATASTEEL,BAJFINANCE,0.3816158260831061
TCS,BAJFINANCE,0.17442474436881075
TECHM,BAJFINANCE,0.17336015861682663
TITAN,BAJFINANCE,0.2690388885654182
TRENT,BAJFINANCE,0.2291884576301165
ULTRACEMCO,BAJFINANCE,0.43455823502959556
WIPRO,BAJFINANCE,0.2385161788096081
,BEL,0.07318681689648109
ADANIGREEN,BEL,0.5226803439273445
ADANIPORTS,BEL,0.5856717101385667
AIRTEL,BEL,0.30929441724928297
APOLLOHOSP,BEL,0.22459395037896862
ASIANPAINT,BEL,0.15695299268952667
AXISBANK,BEL,0.33051247245372484
BAJAJ-AUTO,BEL,0.23342951573397247
BAJAJFINSV,BEL,0.3462608024731707
BAJFINANCE,BEL,0.31582182849130636
BEL,BEL,1.0
BPCL,BEL,0.5058022998638141
CIPLA,BEL,0.08240447720412877
COALINDIA,BEL,0.6202616180735312
DRREDDY,BEL,0.13147474167679138
EICHERMOT,BEL,0.28422283427027845
GRASIM,BEL,0.33792521416902865
HCLTECH,BEL,0.22404080222481787
HDFCBANK,BEL,0.33075150026978845
HDFCLIFE,BEL,0.2513021584213301
HEROMOTOCO,BEL,0.08777086588217861
HINDALCO,BEL,0.37587137589042985
HINDUNILVR,BEL,-0.058290965768311
ICICIBANK,BEL,0.3137347901782477
INDUSINDBK,BEL,0.3086074944199182
INFY,BEL,0.16470542530909557
ITC,BEL,0.2301950077706419
JSWSTEEL,BEL,0.4587833717218399
KOTAKBANK,BEL,0.266513702493666
LT,BEL,0.5914014227519674
M&M,BEL,0.36949762406352044
MARUTI,BEL,0.2246422837268991
NESTLEIND,BEL,0.06531680419809151
NTPC,BEL,0.607886402882183
ONGC,BEL,0.5723767986317229
POWERGRID,BEL,0.5447558899699269
RELIANCE,BEL,0.49250685924445414
SBILIFE,BEL,0.20993910373733968
SBIN,BEL,0.5802134538500828
SHRIRAMFIN,BEL,0.47548008008820714
SUNPHARMA,BEL,0.16353067159456544
TATACONSUMER,BEL,0.17580872844609702
TATAMOTORS,BEL,0.3671733408603183
TATASTEEL,BEL,0.5203646257642723
TCS,BEL,0.12075804541099913
TECHM,BEL,0.22239481016575469
TITAN,BEL,0.16676677160419995
TRENT,BEL,0.26341500708955246
ULTRACEMCO,BEL,0.43550141959102606
WIPRO,BEL,0.2558540800203393
,BPCL,0.02018756929071287
ADANIGREEN,BPCL,0.45528917443931105
ADANIPORTS,BPCL,0.4951165145628619
AIRTEL,BPCL,0.2650199796002171
APOLLOHOSP,BPCL,0.1749731116037148
ASIANPAINT,BPCL,0.2157870430370839
AXISBANK,BPCL,0.22293609594640457
BAJAJ-AUTO,BPCL,0.21553089516939256
BAJAJFINSV,BPCL,0.3452858837599202
BAJFINANCE,BPCL,0.2726077448987997
BEL,BPCL,0.5058022998638141
BPCL,BPCL,1.0
CIPLA,BPCL,0.06544790568261598
COALINDIA,BPCL,0.6025044763162288
DRREDDY,BPCL,0.17969947595067698
EICHERMOT,BPCL,0.24659030120715233
GRASIM,BPCL,0.34824736218597874
HCLTECH,BPCL,0.13905369181873212
HDFCBANK,BPCL,0.23438045426749687
HDFCLIFE,BPCL,0.17914230672592743
HEROMOTOCO,BPCL,0.2290144722408093
HINDALCO,BPCL,0.3469617856650464
HINDUNILVR,BPCL,-0.0014986188671549845
ICICIBANK,BPCL,0.22719149472096598
INDUSINDBK,BPCL,0.3569378290536558
INFY,BPCL,0.126542243588346
ITC,BPCL,0.18157116220853695
JSWSTEEL,BPCL,0.3664248738585794
KOTAKBANK,BPCL,0.15575241690323138
LT,BPCL,0.468828215221777
M&M,BPCL,0.2805196828258847
MARUTI,BPCL,0.2887807448452299
NESTLEIND,BPCL,0.05928383502058228
NTPC,BPCL,0.5907585310320111
ONGC,BPCL,0.5952959294022607
POWERGRID,BPCL,0.5313827749885819
RELIANCE,BPCL,0.481098717806072
SBILIFE,BPCL,0.2401668415969443
SBIN,BPCL,0.5254628785296441
SHRIRAMFIN,BPCL,0.3863220247948607
SUNPHARMA,BPCL,0.20549427878277168
TATACONSUMER,BPCL,0.156373457077185
TATAMOTORS,BPCL,0.4156788766040579
TATASTEEL,BPCL,0.4628854156186058
TCS,BPCL,0.175425900920932
TECHM,BPCL,0.20163162056503509
TITAN,BPCL,0.27508600155964086
TRENT,BPCL,0.21275481754652759
ULTRACEMCO,BPCL,0.40165052617642993
WIPRO,BPCL,0.211944821719478
,CIPLA,0.14979661874768815
ADANIGREEN,CIPLA,0.09423833987571031
ADANIPORTS,CIPLA,0.09111765627994348
AIRTEL,CIPLA,0.11996289410969121
APOLLOHOSP,CIPLA,0.23111419982026138
ASIANPAINT,CIPLA,0.14701800416538524
AXISBANK,CIPLA,0.08525963060396051
BAJAJ-AUTO,CIPLA,0.04353632458552275
BAJAJFINSV,CIPLA,0.13592832671322808
BAJFINANCE,CIPLA,0.053728416249761435
BEL,CIPLA,0.08240447720412877
BPCL,CIPLA,0.06544790568261598
CIPLA,CIPLA,1.0
COALINDIA,CIPLA,0.08693810419507034
DRREDDY,CIPLA,0.4122812872467553
EICHERMOT,CIPLA,0.08198272024667475
GRASIM,CIPLA,0.16755614625118978
HCLTECH,CIPLA,0.05456569566835468
HDFCBANK,CIPLA,-0.03213440034904811
HDFCLIFE,CIPLA,0.08704621175806497
HEROMOTOCO,CIPLA,0.14832452944096458
HINDALCO,CIPLA,0.09775748429176705
HINDUNILVR,CIPLA,0.042073479591646555
ICICIBANK,CIPLA,0.0817469886521778
INDUSINDBK,CIPLA,0.0464387278001757
INFY,CIPLA,0.06318707294981711
ITC,CIPLA,0.12774478934914657
JSWSTEEL,CIPLA,0.1615995702728533
KOTAKBANK,CIPLA,0.03624494443248808
LT,CIPLA,0.15863644831926704
M&M,CIPLA,0.1742578981846201
MARUTI,CIPLA,0.07938785391116626
NESTLEIND,CIPLA,0.11612688233186644
NTPC,CIPLA,0.09237528236547853
ONGC,CIPLA,0.033604062288241185
POWERGRID,CIPLA,0.12963594375339096
RELIANCE,CIPLA,0.058345290979761565
SBILIFE,CIPLA,0.1297996887802289
SBIN,CIPLA,0.02799974110682328
SHRIRAMFIN,CIPLA,0.09791128190381693
SUNPHARMA,CIPLA,0.4147589169737103
TATACONSUMER,CIPLA,0.07322738443147281
TATAMOTORS,CIPLA,0.06896596173427366
TATASTEEL,CIPLA,0.1311124352118802
TCS,CIPLA,0.07902188833691759
TECHM,CIPLA,0.05219913311620206
TITAN,CIPLA,0.10752922970429055
TRENT,CIPLA,0.13647299223916814
ULTRACEMCO,CIPLA,0.1333282702269815
WIPRO,CIPLA,0.08759535187024256
,COALINDIA,0.0770649636487559
ADANIGREEN,COALINDIA,0.49453393923651795
ADANIPORTS,COALINDIA,0.5462015362250399
AIRTEL,COALINDIA,0.2670370815406414
APOLLOHOSP,COALINDIA,0.24353676765517565
ASIANPAINT,COALINDIA,0.19498635297901867
AXISBANK,COALINDIA,0.33255272516175144
BAJAJ-AUTO,COALINDIA,0.225769933155767
BAJAJFINSV,COALINDIA,0.27973864895104394
BAJFINANCE,COALINDIA,0.2802464284976224
BEL,COALINDIA,0.6202616180735312
BPCL,COALINDIA,0.6025044763162288
CIPLA,COALINDIA,0.08693810419507034
COALINDIA,COALINDIA,1.0
DRREDDY,COALINDIA,0.17956027885891732
EICHERMOT,COALINDIA,0.2952071505388764
GRASIM,COALINDIA,0.2813762054329188
HCLTECH,COALINDIA,0.18763285280218953
HDFCBANK,COALINDIA,0.26937766072760755
HDFCLIFE,COALINDIA,0.2112646545037048
HEROMOTOCO,COALINDIA,0.2515720792019354
HINDALCO,COALINDIA,0.3879458739584541
HINDUNILVR,COALINDIA,-0.038130345498176295
ICICIBANK,COALINDIA,0.24860797350541586
INDUSINDBK,COALINDIA,0.34369420568839676
INFY,COALINDIA,0.11752071715232679
ITC,COALINDIA,0.24418980238539476
JSWSTEEL,COALINDIA,0.44003819846992115
KOTAKBANK,COALINDIA,0.228943802491796
LT,COALINDIA,0.48889036505851113
M&M,COALINDIA,0.29031299656008924
MARUTI,COALINDIA,0.2801732159551891
NESTLEIND,COALINDIA,0.08371886814074586
NTPC,COALINDIA,0.6177820746150615
ONGC,COALINDIA,0.6478178232214918
POWERGRID,COALINDIA,0.5340375597261456
RELIANCE,COALINDIA,0.5069564751785052
SBILIFE,COALINDIA,0.2537808499692649
SBIN,COALINDIA,0.516040029566645
SHRIRAMFIN,COALINDIA,0.42629126368416675
SUNPHARMA,COALINDIA,0.17747109824151913
TATACONSUMER,COALINDIA,0.21307221678050367
TATAMOTORS,COALINDIA,0.4063151384918448
TATASTEEL,COALINDIA,0.5354247046083493
TCS,COALINDIA,0.09526341482137556
TECHM,COALINDIA,0.1781729853668627
TITAN,COALINDIA,0.2383360215458712
TRENT,COALINDIA,0.2546288946903731
ULTRACEMCO,COALINDIA,0.32122101334479675
WIPRO,COALINDIA,0.23579396811295908
,DRREDDY,0.18636660342425213
ADANIGREEN,DRREDDY,0.16455213475025532
ADANIPORTS,DRREDDY,0.16097227508658982
AIRTEL,DRREDDY,0.17809431030362347
APOLLOHOSP,DRREDDY,0.2354479973306277
ASIANPAINT,DRREDDY,0.14996097261207375
AXISBANK,DRREDDY,0.09146149968460622
BAJAJ-AUTO,DRREDDY,0.1048900615339811
BAJAJFINSV,DRREDDY,0.2577564916617612
BAJFINANCE,DRREDDY,0.08830834706220486
BEL,DRREDDY,0.13147474167679138
BPCL,DRREDDY,0.17969947595067698
CIPLA,DRREDDY,0.4122812872467553
COALINDIA,DRREDDY,0.17956027885891732
DRREDDY,DRREDDY,1.0
EICHERMOT,DRREDDY,0.1380544106957669
GRASIM,DRREDDY,0.25260067890443233
HCLTECH,DRREDDY,0.2297067760071271
HDFCBANK,DRREDDY,0.139415508572311
HDFCLIFE,DRREDDY,0.1226155064328494
HEROMOTOCO,DRREDDY,0.14105412040744475
HINDALCO,DRREDDY,0.2075573042895502
HINDUNILVR,DRREDDY,0.16335780615495074
ICICIBANK,DRREDDY,0.03474269773495801
INDUSINDBK,DRREDDY,0.08662170158561452
INFY,DRREDDY,0.24261214084038682
ITC,DRREDDY,0.18601220764515985
JSWSTEEL,DRREDDY,0.2442782206628036
KOTAKBANK,DRREDDY,-0.04990045805380203
LT,DRREDDY,0.12510593527507402
M&M,DRREDDY,0.2275933128487781
MARUTI,DRREDDY,0.13839076283315427
NESTLEIND,DRREDDY,0.2180152514947763
NTPC,DRREDDY,0.20916327584857525
ONGC,DRREDDY,0.1809175310577822
POWERGRID,DRREDDY,0.1905509253780308
RELIANCE,DRREDDY,0.16029196337667473
SBILIFE,DRREDDY,0.20465401053265278
SBIN,DRREDDY,0.13819604429995
SHRIRAMFIN,DRREDDY,0.1412270575118756
SUNPHARMA,DRREDDY,0.3966864827885487
TATACONSUMER,DRREDDY,0.11061534930378142
TATAMOTORS,DRREDDY,0.20012481814165411
TATASTEEL,DRREDDY,0.20722235085007384
TCS,DRREDDY,0.22321168844679296
TECHM,DRREDDY,0.2200186329222398
TITAN,DRREDDY,0.13999051002242102
TRENT,DRREDDY,0.16886989172802994
ULTRACEMCO,DRREDDY,0.2515584923990298
WIPRO,DRREDDY,0.2798386129571328
,EICHERMOT,0.10598132969850758
ADANIGREEN,EICHERMOT,0.33164697118309283
ADANIPORTS,EICHERMOT,0.2696101621425376
AIRTEL,EICHERMOT,0.2947335761302531
APOLLOHOSP,EICHERMOT,0.2903387309533501
ASIANPAINT,EICHERMOT,0.25791414980589167
AXISBANK,EICHERMOT,0.2861612260064072
BAJAJ-AUTO,EICHERMOT,0.27613010745461614
BAJAJFINSV,EICHERMOT,0.2413557153873387
BAJFINANCE,EICHERMOT,0.1895783026920611
BEL,EICHERMOT,0.28422283427027845
BPCL,EICHERMOT,0.24659030120715233
CIPLA,EICHERMOT,0.08198272024667475
COALINDIA,EICHERMOT,0.2952071505388764
DRREDDY,EICHERMOT,0.1380544106957669
EICHERMOT,EICHERMOT,1.0
GRASIM,EICHERMOT,0.3788460069315661
HCLTECH,EICHERMOT,0.17760721454022615
HDFCBANK,EICHERMOT,0.28640682659972294
HDFCLIFE,EICHERMOT,0.23607874619298044
HEROMOTOCO,EICHERMOT,0.2701241888817561
HINDALCO,EICHERMOT,0.27632247515190356
HINDUNILVR,EICHERMOT,0.12002584992824754
ICICIBANK,EICHERMOT,0.35130827193487035
INDUSINDBK,EICHERMOT,0.2678058073282277
INFY,EICHERMOT,0.13271702931998292
ITC,EICHERMOT,0.2627810469831922
JSWSTEEL,EICHERMOT,0.32916958551550163
KOTAKBANK,EICHERMOT,0.24032125182374203
LT,EICHERMOT,0.337278635134227
M&M,EICHERMOT,0.35548807669007876
MARUTI,EICHERMOT,0.38859140248651347
NESTLEIND,EICHERMOT,0.1334036789974509
NTPC,EICHERMOT,0.2709340347110787
ONGC,EICHERMOT,0.24019208840280312
POWERGRID,EICHERMOT,0.21484635830841908
RELIANCE,EICHERMOT,0.33606691379693726
SBILIFE,EICHERMOT,0.31184742138228616
SBIN,EICHERMOT,0.31463548867263075
SHRIRAMFIN,EICHERMOT,0.3656603267327274
SUNPHARMA,EICHERMOT,0.17528292835579262
TATACONSUMER,EICHERMOT,0.17237511343703016
TATAMOTORS,EICHERMOT,0.31662007686741156
TATASTEEL,EICHERMOT,0.31449871414501435
TCS,EICHERMOT,0.14377616471917185
TECHM,EICHERMOT,0.18957844427939843
TITAN,EICHERMOT,0.26820570294019325
TRENT,EICHERMOT,0.2346391132145663
ULTRACEMCO,EICHERMOT,0.304244015171215
WIPRO,EICHERMOT,0.2622352946442781
,GRASIM,0.21844016640295544
ADANIGREEN,GRASIM,0.34446791320876796
ADANIPORTS,GRASIM,0.3561018510820143
AIRTEL,GRASIM,0.2971920079441291
APOLLOHOSP,GRASIM,0.258183900052624
ASIANPAINT,GRASIM,0.34445261938387256
AXISBANK,GRASIM,0.36705276889624344
BAJAJ-AUTO,GRASIM,0.2006611069523685
BAJAJFINSV,GRASIM,0.4350985039815248
BAJFINANCE,GRASIM,0.3689801356272415
BEL,GRASIM,0.33792521416902865
BPCL,GRASIM,0.34824736218597874
CIPLA,GRASIM,0.16755614625118978
COALINDIA,GRASIM,0.2813762054329188
DRREDDY,GRASIM,0.25260067890443233
EICHERMOT,GRASIM,0.3788460069315661
GRASIM,GRASIM,1.0
HCLTECH,GRASIM,0.15886342801522985
HDFCBANK,GRASIM,0.3006007664350249
HDFCLIFE,GRASIM,0.25409349771495404
HEROMOTOCO,GRASIM,0.28732586702383356
HINDALCO,GRASIM,0.4371894528507637
HINDUNILVR,GRASIM,0.1676321274071574
ICICIBANK,GRASIM,0.40526349815616486
INDUSINDBK,GRASIM,0.3423921319823583
INFY,GRASIM,0.1833473672409521
ITC,GRASIM,0.27867419546188293
JSWSTEEL,GRASIM,0.5078760998364702
KOTAKBANK,GRASIM,0.24638142816571143
LT,GRASIM,0.3538997325846838
M&M,GRASIM,0.30815278489612147
MARUTI,GRASIM,0.2957718713534474
NESTLEIND,GRASIM,0.2631353302597681
NTPC,GRASIM,0.39938931479831835
ONGC,GRASIM,0.32578330937037464
POWERGRID,GRASIM,0.35890715730895756
RELIANCE,GRASIM,0.40282035284794543
SBILIFE,GRASIM,0.250492552487582
SBIN,GRASIM,0.43058102176180124
SHRIRAMFIN,GRASIM,0.358049122576349
SUNPHARMA,GRASIM,0.21812160094679922
TATACONSUMER,GRASIM,0.2829945522212846
TATAMOTORS,GRASIM,0.33630421218517115
TATASTEEL,GRASIM,0.46364574877882075
TCS,GRASIM,0.17994312740717625
TECHM,GRASIM,0.17511026173481065
TITAN,GRASIM,0.3682972638728635
TRENT,GRASIM,0.24146931715943976
ULTRACEMCO,GRASIM,0.5901162976104107
WIPRO,GRASIM,0.24500198872893586
,HCLTECH,0.11741685606537981
ADANIGREEN,HCLTECH,0.13991584818529543
ADANIPORTS,HCLTECH,0.15263950984390606
AIRTEL,HCLTECH,0.2584367995257953
APOLLOHOSP,HCLTECH,0.27918102640548
ASIANPAINT,HCLTECH,0.11748352916689656
AXISBANK,HCLTECH,0.10749568588042561
BAJAJ-AUTO,HCLTECH,0.12451594805403986
BAJAJFINSV,HCLTECH,0.26782642256031913
BAJFINANCE,HCLTECH,0.18318710876005104
BEL,HCLTECH,0.22404080222481787
BPCL,HCLTECH,0.13905369181873212
CIPLA,HCLTECH,0.05456569566835468
COALINDIA,HCLTECH,0.18763285280218953
DRREDDY,HCLTECH,0.2297067760071271
EICHERMOT,HCLTECH,0.17760721454022615
GRASIM,HCLTECH,0.15886342801522985
HCLTECH,HCLTECH,1.0
HDFCBANK,HCLTECH,0.04492441327674658
HDFCLIFE,HCLTECH,0.12758758153591207
HEROMOTOCO,HCLTECH,0.13200455760069055
HINDALCO,HCLTECH,0.25394907677170775
HINDUNILVR,HCLTECH,0.12318501580534467
ICICIBANK,HCLTECH,0.10751677968460914
INDUSINDBK,HCLTECH,0.1218945396366945
INFY,HCLTECH,0.6897400029568795
ITC,HCLTECH,0.17785421430167275
JSWSTEEL,HCLTECH,0.25520682044884657
KOTAKBANK,HCLTECH,0.12301184832805688
LT,HCLTECH,0.2249601406981299
M&M,HCLTECH,0.19807426641505876
MARUTI,HCLTECH,0.21402796829518914
NESTLEIND,HCLTECH,0.10226297528445835
NTPC,HCLTECH,0.1626841293745512
ONGC,HCLTECH,0.21937251525111653
POWERGRID,HCLTECH,0.11698936833125385
RELIANCE,HCLTECH,0.27662855466305286
SBILIFE,HCLTECH,0.20805574892105155
SBIN,HCLTECH,0.21270998339292208
SHRIRAMFIN,HCLTECH,0.23307661944221786
SUNPHARMA,HCLTECH,0.15609948334667414
TATACONSUMER,HCLTECH,0.2095399465246621
TATAMOTORS,HCLTECH,0.2693343420188279
TATASTEEL,HCLTECH,0.2687192519614349
TCS,HCLTECH,0.6290794218553654
TECHM,HCLTECH,0.5482800795106635
TITAN,HCLTECH,0.1994405969482101
TRENT,HCLTECH,0.20742160822044678
ULTRACEMCO,HCLTECH,0.2054418465312309
WIPRO,HCLTECH,0.5806673330151051
,HDFCBANK,0.06990503111278008
ADANIGREEN,HDFCBANK,0.33811803466909623
ADANIPORTS,HDFCBANK,0.3753048989812308
AIRTEL,HDFCBANK,0.21102824534153175
APOLLOHOSP,HDFCBANK,0.11023752261978258
ASIANPAINT,HDFCBANK,0.26432298479719046
AXISBANK,HDFCBANK,0.42493057844684556
BAJAJ-AUTO,HDFCBANK,0.1822326625269816
BAJAJFINSV,HDFCBANK,0.3187053884007639
BAJFINANCE,HDFCBANK,0.3316323063963939
BEL,HDFCBANK,0.33075150026978845
BPCL,HDFCBANK,0.23438045426749687
CIPLA,HDFCBANK,-0.03213440034904811
COALINDIA,HDFCBANK,0.26937766072760755
DRREDDY,HDFCBANK,0.139415508572311
EICHERMOT,HDFCBANK,0.28640682659972294
GRASIM,HDFCBANK,0.3006007664350249
HCLTECH,HDFCBANK,0.04492441327674658
HDFCBANK,HDFCBANK,1.0
HDFCLIFE,HDFCBANK,0.22182829125604406
HEROMOTOCO,HDFCBANK,0.10769745075866194
HINDALCO,HDFCBANK,0.26205599620077663
HINDUNILVR,HDFCBANK,0.07931328803043683
ICICIBANK,HDFCBANK,0.43343202017590365
INDUSINDBK,HDFCBANK,0.3666265891925776
INFY,HDFCBANK,0.11001535425594604
ITC,HDFCBANK,0.16706536775383027
JSWSTEEL,HDFCBANK,0.3692665318229937
KOTAKBANK,HDFCBANK,0.4233068060804703
LT,HDFCBANK,0.34548165398634045
M&M,HDFCBANK,0.3310747964614292
MARUTI,HDFCBANK,0.2381482584916488
NESTLEIND,HDFCBANK,0.08009735208051748
NTPC,HDFCBANK,0.33896418120123023
ONGC,HDFCBANK,0.2806102267917217
POWERGRID,HDFCBANK,0.3140149287401469
RELIANCE,HDFCBANK,0.313813256464031
SBILIFE,HDFCBANK,0.21236157271541603
SBIN,HDFCBANK,0.35761420795769344
SHRIRAMFIN,HDFCBANK,0.33317606651423975
SUNPHARMA,HDFCBANK,0.07182001130779199
TATACONSUMER,HDFCBANK,0.10865415793250464
TATAMOTORS,HDFCBANK,0.2049862716770668
TATASTEEL,HDFCBANK,0.3807644072947067
TCS,HDFCBANK,0.045285713021930095
TECHM,HDFCBANK,0.20466715125050258
TITAN,HDFCBANK,0.1880207165069055
TRENT,HDFCBANK,0.10273877743327112
ULTRACEMCO,HDFCBANK,0.3602093012902187
WIPRO,HDFCBANK,0.19359915108672426
,HDFCLIFE,-0.0006101619056688689
ADANIGREEN,HDFCLIFE,0.21683936983717594
ADANIPORTS,HDFCLIFE,0.24705928318329237
AIRTEL,HDFCLIFE,0.21503195908791412
APOLLOHOSP,HDFCLIFE,0.1416693251268474
ASIANPAINT,HDFCLIFE,0.20602238440023707
AXISBANK,HDFCLIFE,0.25147867968575494
BAJAJ-AUTO,HDFCLIFE,0.19190170740372323
BAJAJFINSV,HDFCLIFE,0.34735050469943846
BAJFINANCE,HDFCLIFE,0.3071010890830492
BEL,HDFCLIFE,0.2513021584213301
BPCL,HDFCLIFE,0.17914230672592743
CIPLA,HDFCLIFE,0.08704621175806497
COALINDIA,HDFCLIFE,0.2112646545037048
DRREDDY,HDFCLIFE,0.1226155064328494
EICHERMOT,HDFCLIFE,0.23607874619298044
GRASIM,HDFCLIFE,0.25409349771495404
HCLTECH,HDFCLIFE,0.12758758153591207
HDFCBANK,HDFCLIFE,0.22182829125604406
HDFCLIFE,HDFCLIFE,1.0
HEROMOTOCO,HDFCLIFE,0.2175975481290658
HINDALCO,HDFCLIFE,0.20192053085212458
HINDUNILVR,HDFCLIFE,0.13667033054518485
ICICIBANK,HDFCLIFE,0.19820372116116067
INDUSINDBK,HDFCLIFE,0.18167766776174518
INFY,HDFCLIFE,0.07306761553396389
ITC,HDFCLIFE,0.1973892242985602
JSWSTEEL,HDFCLIFE,0.25802162776936577
KOTAKBANK,HDFCLIFE,0.2095446287440746
LT,HDFCLIFE,0.2580606050734376
M&M,HDFCLIFE,0.21134161568045154
MARUTI,HDFCLIFE,0.2499312399281996
NESTLEIND,HDFCLIFE,0.12410162696023953
NTPC,HDFCLIFE,0.2066614719001846
ONGC,HDFCLIFE,0.20544491663495512
POWERGRID,HDFCLIFE,0.11652007462086209
RELIANCE,HDFCLIFE,0.22170223727596008
SBILIFE,HDFCLIFE,0.5965490718202711
SBIN,HDFCLIFE,0.21970748415859812
SHRIRAMFIN,HDFCLIFE,0.3049213698677052
SUNPHARMA,HDFCLIFE,0.16851839535848304
TATACONSUMER,HDFCLIFE,0.21430714759933833
TATAMOTORS,HDFCLIFE,0.22416569486239962
TATASTEEL,HDFCLIFE,0.2751765259367283
TCS,HDFCLIFE,0.11544945717421162
TECHM,HDFCLIFE,0.11952917452276812
TITAN,HDFCLIFE,0.22662237572459545
TRENT,HDFCLIFE,0.2021288353139199
ULTRACEMCO,HDFCLIFE,0.24181937039404472
WIPRO,HDFCLIFE,0.19426052160800375
,HEROMOTOCO,0.18468844471408838
ADANIGREEN,HEROMOTOCO,0.20857649616245805
ADANIPORTS,HEROMOTOCO,0.20251187920765518
AIRTEL,HEROMOTOCO,0.18391083276731263
APOLLOHOSP,HEROMOTOCO,0.24815300033560925
ASIANPAINT,HEROMOTOCO,0.1801867818401592
AXISBANK,HEROMOTOCO,0.1725822614323336
BAJAJ-AUTO,HEROMOTOCO,0.4068006967052391
BAJAJFINSV,HEROMOTOCO,0.23621133941250186
BAJFINANCE,HEROMOTOCO,0.17123927720211993
BEL,HEROMOTOCO,0.08777086588217861
BPCL,HEROMOTOCO,0.2290144722408093
CIPLA,HEROMOTOCO,0.14832452944096458
COALINDIA,HEROMOTOCO,0.2515720792019354
DRREDDY,HEROMOTOCO,0.14105412040744475
EICHERMOT,HEROMOTOCO,0.2701241888817561
GRASIM,HEROMOTOCO,0.28732586702383356
HCLTECH,HEROMOTOCO,0.13200455760069055
HDFCBANK,HEROMOTOCO,0.10769745075866194
HDFCLIFE,HEROMOTOCO,0.2175975481290658
HEROMOTOCO,HEROMOTOCO,1.0
HINDALCO,HEROMOTOCO,0.23203681206431978
HINDUNILVR,HEROMOTOCO,0.20605383957921522
ICICIBANK,HEROMOTOCO,0.14165590451430626
INDUSINDBK,HEROMOTOCO,0.20333274974864
INFY,HEROMOTOCO,0.10451824532258296
ITC,HEROMOTOCO,0.10867524695525956
JSWSTEEL,HEROMOTOCO,0.21255386878694132
KOTAKBANK,HEROMOTOCO,0.14548783093948178
LT,HEROMOTOCO,0.2006956852138018
M&M,HEROMOTOCO,0.36084224875490367
MARUTI,HEROMOTOCO,0.2941136092719679
NESTLEIND,HEROMOTOCO,0.24473976363788688
NTPC,HEROMOTOCO,0.14858363979285621
ONGC,HEROMOTOCO,0.19713463957410307
POWERGRID,HEROMOTOCO,0.1376210862200542
RELIANCE,HEROMOTOCO,0.24434205373342557
SBILIFE,HEROMOTOCO,0.20195252049567514
SBIN,HEROMOTOCO,0.13669325328463705
SHRIRAMFIN,HEROMOTOCO,0.25748245243009177
SUNPHARMA,HEROMOTOCO,0.2204618593829511
TATACONSUMER,HEROMOTOCO,0.21235129624272617
TATAMOTORS,HEROMOTOCO,0.29074636363997075
TATASTEEL,HEROMOTOCO,0.28777367998294917
TCS,HEROMOTOCO,0.10866546662495381
TECHM,HEROMOTOCO,0.1112428093042145
TITAN,HEROMOTOCO,0.30247981842439675
TRENT,HEROMOTOCO,0.21854493396314334
ULTRACEMCO,HEROMOTOCO,0.29538277419468284
WIPRO,HEROMOTOCO,0.20458284696276116
,HINDALCO,0.10398959279612636
ADANIGREEN,HINDALCO,0.3049663395211938
ADANIPORTS,HINDALCO,0.33776150800328864
AIRTEL,HINDALCO,0.29414928424467274
APOLLOHOSP,HINDALCO,0.0625473779803071
ASIANPAINT,HINDALCO,0.21225208678156796
AXISBANK,HINDALCO,0.22737454783495714
BAJAJ-AUTO,HINDALCO,0.21686021726845914
BAJAJFINSV,HINDALCO,0.29624170160014573
BAJFINANCE,HINDALCO,0.2545385705775563
BEL,HINDALCO,0.37587137589042985
BPCL,HINDALCO,0.3469617856650464
CIPLA,HINDALCO,0.09775748429176705
COALINDIA,HINDALCO,0.3879458739584541
DRREDDY,HINDALCO,0.2075573042895502
EICHERMOT,HINDALCO,0.27632247515190356
GRASIM,HINDALCO,0.4371894528507637
HCLTECH,HINDALCO,0.25394907677170775
HDFCBANK,HINDALCO,0.26205599620077663
HDFCLIFE,HINDALCO,0.20192053085212458
HEROMOTOCO,HINDALCO,0.23203681206431978
HINDALCO,HINDALCO,1.0
HINDUNILVR,HINDALCO,0.07536048588065981
ICICIBANK,HINDALCO,0.17665388503363183
INDUSINDBK,HINDALCO,0.27913988767058223
INFY,HINDALCO,0.17839155872566248
ITC,HINDALCO,0.1455052804050285
JSWSTEEL,HINDALCO,0.6093559590991925
KOTAKBANK,HINDALCO,0.2027425469796398
LT,HINDALCO,0.3307995655738285
M&M,HINDALCO,0.297201074689898
MARUTI,HINDALCO,0.28618571281135224
NESTLEIND,HINDALCO,0.10953143991504191
NTPC,HINDALCO,0.35844289439636123
ONGC,HINDALCO,0.4098223699758876
POWERGRID,HINDALCO,0.3760865975688866
RELIANCE,HINDALCO,0.33165305401797074
SBILIFE,HINDALCO,0.17899471552580182
SBIN,HINDALCO,0.3405846260744456
SHRIRAMFIN,HINDALCO,0.31711617416918225
SUNPHARMA,HINDALCO,0.2544265245716213
TATACONSUMER,HINDALCO,0.18097602223738765
TATAMOTORS,HINDALCO,0.3649585499204322
TATASTEEL,HINDALCO,0.6300992825286463
TCS,HINDALCO,0.16104416442255612
TECHM,HINDALCO,0.23638727750781405
TITAN,HINDALCO,0.2494380153507044
TRENT,HINDALCO,0.2686296649861686
ULTRACEMCO,HINDALCO,0.31358994611663726
WIPRO,HINDALCO,0.26224405992406435
,HINDUNILVR,0.46828334590775983
ADANIGREEN,HINDUNILVR,-0.0007956567569890336
ADANIPORTS,HINDUNILVR,0.002375597680073499
AIRTEL,HINDUNILVR,0.15853115551028493
APOLLOHOSP,HINDUNILVR,0.10786527206672766
ASIANPAINT,HINDUNILVR,0.2698886400210458
AXISBANK,HINDUNILVR,0.009843145897469005
BAJAJ-AUTO,HINDUNILVR,0.12495520284345998
BAJAJFINSV,HINDUNILVR,0.13945401694298298
BAJFINANCE,HINDUNILVR,0.127433323506749
BEL,HINDUNILVR,-0.058290965768311
BPCL,HINDUNILVR,-0.0014986188671549845
CIPLA,HINDUNILVR,0.042073479591646555
COALINDIA,HINDUNILVR,-0.038130345498176295
DRREDDY,HINDUNILVR,0.16335780615495074
EICHERMOT,HINDUNILVR,0.12002584992824754
GRASIM,HINDUNILVR,0.1676321274071574
HCLTECH,HINDUNILVR,0.12318501580534467
HDFCBANK,HINDUNILVR,0.07931328803043683
HDFCLIFE,HINDUNILVR,0.13667033054518485
HEROMOTOCO,HINDUNILVR,0.20605383957921522
HINDALCO,HINDUNILVR,0.07536048588065981
HINDUNILVR,HINDUNILVR,1.0
ICICIBANK,HINDUNILVR,0.0009917798979229159
INDUSINDBK,HINDUNILVR,0.08184210286524757
INFY,HINDUNILVR,0.1641718177900099
ITC,HINDUNILVR,0.3250500355874592
JSWSTEEL,HINDUNILVR,0.14145793643410068
KOTAKBANK,HINDUNILVR,0.16670607597106163
LT,HINDUNILVR,0.024986612812730916
M&M,HINDUNILVR,0.13020538841324442
MARUTI,HINDUNILVR,0.1480395213403051
NESTLEIND,HINDUNILVR,0.4640841331292226
NTPC,HINDUNILVR,-0.047525033234824626
ONGC,HINDUNILVR,-0.016746716338779735
POWERGRID,HINDUNILVR,-0.07779153263335312
RELIANCE,HINDUNILVR,0.09257287984487032
SBILIFE,HINDUNILVR,0.2611559288326374
SBIN,HINDUNILVR,-0.05993339256353352
SHRIRAMFIN,HINDUNILVR,0.03293622778075348
SUNPHARMA,HINDUNILVR,0.0513384892384068
TATACONSUMER,HINDUNILVR,0.41207099376389406
TATAMOTORS,HINDUNILVR,0.08802417313583706
TATASTEEL,HINDUNILVR,0.08473425857585834
TCS,HINDUNILVR,0.14534472933707102
TECHM,HINDUNILVR,0.13131272639412817
TITAN,HINDUNILVR,0.18747665018653012
TRENT,HINDUNILVR,0.08396386149458931
ULTRACEMCO,HINDUNILVR,0.16512597603054094
WIPRO,HINDUNILVR,0.1854248258572572
,ICICIBANK,0.046590157878153265
ADANIGREEN,ICICIBANK,0.3945843733469138
ADANIPORTS,ICICIBANK,0.44228876077180634
AIRTEL,ICICIBANK,0.3666095767942784
APOLLOHOSP,ICICIBANK,0.16430302282408987
ASIANPAINT,ICICIBANK,0.15883876844346126
AXISBANK,ICICIBANK,0.6367860712450544
BAJAJ-AUTO,ICICIBANK,0.10852224778301449
BAJAJFINSV,ICICIBANK,0.41541877646453335
BAJFINANCE,ICICIBANK,0.35000757601999377
BEL,ICICIBANK,0.3137347901782477
BPCL,ICICIBANK,0.22719149472096598
CIPLA,ICICIBANK,0.0817469886521778
COALINDIA,ICICIBANK,0.24860797350541586
DRREDDY,ICICIBANK,0.03474269773495801
EICHERMOT,ICICIBANK,0.35130827193487035
GRASIM,ICICIBANK,0.40526349815616486
HCLTECH,ICICIBANK,0.10751677968460914
HDFCBANK,ICICIBANK,0.43343202017590365
HDFCLIFE,ICICIBANK,0.19820372116116067
HEROMOTOCO,ICICIBANK,0.14165590451430626
HINDALCO,ICICIBANK,0.17665388503363183
HINDUNILVR,ICICIBANK,0.0009917798979229159
ICICIBANK,ICICIBANK,1.0
INDUSINDBK,ICICIBANK,0.3557739441415789
INFY,ICICIBANK,0.2004980211523376
ITC,ICICIBANK,0.31489340505515834
JSWSTEEL,ICICIBANK,0.3803695366759501
KOTAKBANK,ICICIBANK,0.44407608821853267
LT,ICICIBANK,0.41870586429284967
M&M,ICICIBANK,0.3152969179642255
MARUTI,ICICIBANK,0.23161133465273612
NESTLEIND,ICICIBANK,0.09301676649421296
NTPC,ICICIBANK,0.35849330026436665
ONGC,ICICIBANK,0.2778729952267743
POWERGRID,ICICIBANK,0.2980626093690692
RELIANCE,ICICIBANK,0.39652392915056695
SBILIFE,ICICIBANK,0.213374685737872
SBIN,ICICIBANK,0.5172191482353047
SHRIRAMFIN,ICICIBANK,0.449878029234802
SUNPHARMA,ICICIBANK,0.20272564248857125
TATACONSUMER,ICICIBANK,0.12059223927769683
TATAMOTORS,ICICIBANK,0.19967367981777367
TATASTEEL,ICICIBANK,0.34527940440859317
TCS,ICICIBANK,0.16648861508644344
TECHM,ICICIBANK,0.16865500178890175
TITAN,ICICIBANK,0.14647431234434818
TRENT,ICICIBANK,0.12165853749450802
ULTRACEMCO,ICICIBANK,0.43020807625861485
WIPRO,ICICIBANK,0.22165481981934443
,INDUSINDBK,0.11789502838816954
ADANIGREEN,INDUSINDBK,0.39134697585260536
ADANIPORTS,INDUSINDBK,0.4224310250507616
AIRTEL,INDUSINDBK,0.23163899240921432
APOLLOHOSP,INDUSINDBK,0.12915176060937117
ASIANPAINT,INDUSINDBK,0.18085496714967206
AXISBANK,INDUSINDBK,0.33966104800646485
BAJAJ-AUTO,INDUSINDBK,0.20611752897820393
BAJAJFINSV,INDUSINDBK,0.42296026356210936
BAJFINANCE,INDUSINDBK,0.4062664984286061
BEL,INDUSINDBK,0.3086074944199182
BPCL,INDUSINDBK,0.3569378290536558
CIPLA,INDUSINDBK,0.0464387278001757
COALINDIA,INDUSINDBK,0.34369420568839676
DRREDDY,INDUSINDBK,0.08662170158561452
EICHERMOT,INDUSINDBK,0.2678058073282277
GRASIM,INDUSINDBK,0.3423921319823583
HCLTECH,INDUSINDBK,0.1218945396366945
HDFCBANK,INDUSINDBK,0.3666265891925776
HDFCLIFE,INDUSINDBK,0.18167766776174518
HEROMOTOCO,INDUSINDBK,0.20333274974864
HINDALCO,INDUSINDBK,0.27913988767058223
HINDUNILVR,INDUSINDBK,0.08184210286524757
ICICIBANK,INDUSINDBK,0.3557739441415789
INDUSINDBK,INDUSINDBK,1.0
INFY,INDUSINDBK,0.11124536756261724
ITC,INDUSINDBK,0.1753102857685558
JSWSTEEL,INDUSINDBK,0.40273711775632975
KOTAKBANK,INDUSINDBK,0.32608437150783265
LT,INDUSINDBK,0.42210409573628177
M&M,INDUSINDBK,0.3522068548273418
MARUTI,INDUSINDBK,0.30479875348665186
NESTLEIND,INDUSINDBK,0.1742768218867108
NTPC,INDUSINDBK,0.44616080868879643
ONGC,INDUSINDBK,0.32314181980601064
POWERGRID,INDUSINDBK,0.33037329859263237
RELIANCE,INDUSINDBK,0.39557386850284915
SBILIFE,INDUSINDBK,0.2218815663358047
SBIN,INDUSINDBK,0.45217493231921724
SHRIRAMFIN,INDUSINDBK,0.4344296885150352
SUNPHARMA,INDUSINDBK,0.12291706675322549
TATACONSUMER,INDUSINDBK,0.2735500110195814
TATAMOTORS,INDUSINDBK,0.3333592169520063
TATASTEEL,INDUSINDBK,0.39625810124700944
TCS,INDUSINDBK,0.08559047262765863
TECHM,INDUSINDBK,0.10315296762020999
TITAN,INDUSINDBK,0.24043349852813695
TRENT,INDUSINDBK,0.19912566574353294
ULTRACEMCO,INDUSINDBK,0.3450658328483518
WIPRO,INDUSINDBK,0.18657329941675105
,INFY,0.1066992748955334
ADANIGREEN,INFY,0.1151490132008911
ADANIPORTS,INFY,0.14939963769592102
AIRTEL,INFY,0.28884601431215595
APOLLOHOSP,INFY,0.12167130146685298
ASIANPAINT,INFY,0.10430989690679814
AXISBANK,INFY,0.08646718438208449
BAJAJ-AUTO,INFY,-0.0034872383004443987
BAJAJFINSV,INFY,0.24134770192708113
BAJFINANCE,INFY,0.1974462437124762
BEL,INFY,0.16470542530909557
BPCL,INFY,0.126542243588346
CIPLA,INFY,0.06318707294981711
COALINDIA,INFY,0.11752071715232679
DRREDDY,INFY,0.24261214084038682
EICHERMOT,INFY,0.13271702931998292
GRASIM,INFY,0.1833473672409521
HCLTECH,INFY,0.6897400029568795
HDFCBANK,INFY,0.11001535425594604
HDFCLIFE,INFY,0.07306761553396389
HEROMOTOCO,INFY,0.10451824532258296
HINDALCO,INFY,0.17839155872566248
HINDUNILVR,INFY,0.1641718177900099
ICICIBANK,INFY,0.2004980211523376
INDUSINDBK,INFY,0.11124536756261724
INFY,INFY,1.0
ITC,INFY,0.207512339599268
JSWSTEEL,INFY,0.2174173609022972
KOTAKBANK,INFY,0.16981457192861393
LT,INFY,0.23420093544809126
M&M,INFY,0.2340012526255433
MARUTI,INFY,0.12259530017606801
NESTLEIND,INFY,0.0691623346170098
NTPC,INFY,0.11935021410171011
ONGC,INFY,0.22817555645683404
POWERGRID,INFY,0.09214176532811907
RELIANCE,INFY,0.1994787611796198
SBILIFE,INFY,0.16493568354040958
SBIN,INFY,0.17819069853329414
SHRIRAMFIN,INFY,0.17098545259842562
SUNPHARMA,INFY,0.14307331814243884
TATACONSUMER,INFY,0.24519270130416088
TATAMOTORS,INFY,0.18171033182177962
TATASTEEL,INFY,0.18095392698644067
TCS,INFY,0.7078841751701882
TECHM,INFY,0.6491457614954589
TITAN,INFY,0.21507237824740918
TRENT,INFY,0.15099133419807098
ULTRACEMCO,INFY,0.2245645717144445
WIPRO,INFY,0.5712075926608157
,ITC,0.37640022948131746
ADANIGREEN,ITC,0.2458028586259034
ADANIPORTS,ITC,0.2737742060398364
AIRTEL,ITC,0.26051545813380483
APOLLOHOSP,ITC,0.1740457448901118
ASIANPAINT,ITC,0.27555039963027667
AXISBANK,ITC,0.27500064934151214
BAJAJ-AUTO,ITC,0.14041332240898494
BAJAJFINSV,ITC,0.30363592271009415
BAJFINANCE,ITC,0.30440358287275265
BEL,ITC,0.2301950077706419
BPCL,ITC,0.18157116220853695
CIPLA,ITC,0.12774478934914657
COALINDIA,ITC,0.24418980238539476
DRREDDY,ITC,0.18601220764515985
EICHERMOT,ITC,0.2627810469831922
GRASIM,ITC,0.27867419546188293
HCLTECH,ITC,0.17785421430167275
HDFCBANK,ITC,0.16706536775383027
HDFCLIFE,ITC,0.1973892242985602
HEROMOTOCO,ITC,0.10867524695525956
HINDALCO,ITC,0.1455052804050285
HINDUNILVR,ITC,0.3250500355874592
ICICIBANK,ITC,0.31489340505515834
INDUSINDBK,ITC,0.1753102857685558
INFY,ITC,0.207512339599268
ITC,ITC,1.0
JSWSTEEL,ITC,0.31000918359794755
KOTAKBANK,ITC,0.24061399149100124
LT,ITC,0.24946513182268018
M&M,ITC,0.19624580014833648
MARUTI,ITC,0.2505896113156947
NESTLEIND,ITC,0.3314813186910511
NTPC,ITC,0.23570812809868524
ONGC,ITC,0.19605964653313124
POWERGRID,ITC,0.13533284266545378
RELIANCE,ITC,0.29556682154929953
SBILIFE,ITC,0.2075114257725708
SBIN,ITC,0.26303203409224074
SHRIRAMFIN,ITC,0.23580555616823112
SUNPHARMA,ITC,0.18699493800648656
TATACONSUMER,ITC,0.30265454490857974
TATAMOTORS,ITC,0.18856371956042822
TATASTEEL,ITC,0.2572687710740445
TCS,ITC,0.15227394667725197
TECHM,ITC,0.21781560466216898
TITAN,ITC,0.3182611629556045
TRENT,ITC,0.15149140688379087
ULTRACEMCO,ITC,0.2601443621252303
WIPRO,ITC,0.23313948599308476
,JSWSTEEL,0.19542312489178917
ADANIGREEN,JSWSTEEL,0.40566412739227775
ADANIPORTS,JSWSTEEL,0.4346056333880308
AIRTEL,JSWSTEEL,0.36482968466234794
APOLLOHOSP,JSWSTEEL,0.27605978619516347
ASIANPAINT,JSWSTEEL,0.33356619668119664
AXISBANK,JSWSTEEL,0.3659663237514709
BAJAJ-AUTO,JSWSTEEL,0.22346056490339763
BAJAJFINSV,JSWSTEEL,0.44752583139088487
BAJFINANCE,JSWSTEEL,0.39093433598758565
BEL,JSWSTEEL,0.4587833717218399
BPCL,JSWSTEEL,0.3664248738585794
CIPLA,JSWSTEEL,0.1615995702728533
COALINDIA,JSWSTEEL,0.44003819846992115
DRREDDY,JSWSTEEL,0.2442782206628036
EICHERMOT,JSWSTEEL,0.32916958551550163
GRASIM,JSWSTEEL,0.5078760998364702
HCLTECH,JSWSTEEL,0.25520682044884657
HDFCBANK,JSWSTEEL,0.3692665318229937
HDFCLIFE,JSWSTEEL,0.25802162776936577
HEROMOTOCO,JSWSTEEL,0.21255386878694132
HINDALCO,JSWSTEEL,0.6093559590991925
HINDUNILVR,JSWSTEEL,0.14145793643410068
ICICIBANK,JSWSTEEL,0.3803695366759501
INDUSINDBK,JSWSTEEL,0.40273711775632975
INFY,JSWSTEEL,0.2174173609022972
ITC,JSWSTEEL,0.31000918359794755
JSWSTEEL,JSWSTEEL,1.0
KOTAKBANK,JSWSTEEL,0.3053684514499001
LT,JSWSTEEL,0.4924811526077731
M&M,JSWSTEEL,0.41812629396241213
MARUTI,JSWSTEEL,0.37034510671084286
NESTLEIND,JSWSTEEL,0.15784079896780948
NTPC,JSWSTEEL,0.5103602083325689
ONGC,JSWSTEEL,0.44119217332439054
POWERGRID,JSWSTEEL,0.4560522823688258
RELIANCE,JSWSTEEL,0.4223713671939522
SBILIFE,JSWSTEEL,0.2308910138851656
SBIN,JSWSTEEL,0.45087944205593705
SHRIRAMFIN,JSWSTEEL,0.4159659226506089
SUNPHARMA,JSWSTEEL,0.25222186112334
TATACONSUMER,JSWSTEEL,0.23553247098047903
TATAMOTORS,JSWSTEEL,0.408712434300929
TATASTEEL,JSWSTEEL,0.794189129847186
TCS,JSWSTEEL,0.20929134202410482
TECHM,JSWSTEEL,0.2689890432924979
TITAN,JSWSTEEL,0.3221275143662096
TRENT,JSWSTEEL,0.2569765048742589
ULTRACEMCO,JSWSTEEL,0.5466431320829088
WIPRO,JSWSTEEL,0.3603737925268316
,KOTAKBANK,0.22539551167605787
ADANIGREEN,KOTAKBANK,0.24375207896029524
ADANIPORTS,KOTAKBANK,0.3058384052939919
AIRTEL,KOTAKBANK,0.3189908649455067
APOLLOHOSP,KOTAKBANK,0.13979523467214766
ASIANPAINT,KOTAKBANK,0.18120213777506164
AXISBANK,KOTAKBANK,0.2920391919103795
BAJAJ-AUTO,KOTAKBANK,0.08262777274474209
BAJAJFINSV,KOTAKBANK,0.2731039751871352
BAJFINANCE,KOTAKBANK,0.315904194544074
BEL,KOTAKBANK,0.266513702493666
BPCL,KOTAKBANK,0.15575241690323138
CIPLA,KOTAKBANK,0.03624494443248808
COALINDIA,KOTAKBANK,0.228943802491796
DRREDDY,KOTAKBANK,-0.04990045805380203
EICHERMOT,KOTAKBANK,0.24032125182374203
GRASIM,KOTAKBANK,0.24638142816571143
HCLTECH,KOTAKBANK,0.12301184832805688
HDFCBANK,KOTAKBANK,0.4233068060804703
HDFCLIFE,KOTAKBANK,0.2095446287440746
HEROMOTOCO,KOTAKBANK,0.14548783093948178
HINDALCO,KOTAKBANK,0.2027425469796398
HINDUNILVR,KOTAKBANK,0.16670607597106163
ICICIBANK,KOTAKBANK,0.44407608821853267
INDUSINDBK,KOTAKBANK,0.32608437150783265
INFY,KOTAKBANK,0.16981457192861393
ITC,KOTAKBANK,0.24061399149100124
JSWSTEEL,KOTAKBANK,0.3053684514499001
KOTAKBANK,KOTAKBANK,1.0
LT,KOTAKBANK,0.2779961074617669
M&M,KOTAKBANK,0.23768404613297678
MARUTI,KOTAKBANK,0.21887945370794912
NESTLEIND,KOTAKBANK,0.12365879229696188
NTPC,KOTAKBANK,0.236328091247412
ONGC,KOTAKBANK,0.23556528414119252
POWERGRID,KOTAKBANK,0.1922213090762746
RELIANCE,KOTAKBANK,0.3510816271875215
SBILIFE,KOTAKBANK,0.2912511199138028
SBIN,KOTAKBANK,0.2813006351339595
SHRIRAMFIN,KOTAKBANK,0.28601476123295333
SUNPHARMA,KOTAKBANK,0.08910037108174428
TATACONSUMER,KOTAKBANK,0.1974292017721705
TATAMOTORS,KOTAKBANK,0.1602055379086266
TATASTEEL,KOTAKBANK,0.26272624221443097
TCS,KOTAKBANK,0.11556480163922807
TECHM,KOTAKBANK,0.17473849328787103
TITAN,KOTAKBANK,0.16805281132577893
TRENT,KOTAKBANK,0.08100530728761046
ULTRACEMCO,KOTAKBANK,0.33477011685126007
WIPRO,KOTAKBANK,0.24581233545254239
,LT,0.09259906996851873
ADANIGREEN,LT,0.4831361669543136
ADANIPORTS,LT,0.5139742464591516
AIRTEL,LT,0.3239434796463674
APOLLOHOSP,LT,0.23588316565172254
ASIANPAINT,LT,0.22310100721080928
AXISBANK,LT,0.3520807556299017
BAJAJ-AUTO,LT,0.17576285397902433
BAJAJFINSV,LT,0.3989924119426429
BAJFINANCE,LT,0.3789189931383417
BEL,LT,0.5914014227519674
BPCL,LT,0.468828215221777
CIPLA,LT,0.15863644831926704
COALINDIA,LT,0.48889036505851113
DRREDDY,LT,0.12510593527507402
EICHERMOT,LT,0.337278635134227
GRASIM,LT,0.3538997325846838
HCLTECH,LT,0.2249601406981299
HDFCBANK,LT,0.34548165398634045
HDFCLIFE,LT,0.2580606050734376
HEROMOTOCO,LT,0.2006956852138018
HINDALCO,LT,0.3307995655738285
HINDUNILVR,LT,0.024986612812730916
ICICIBANK,LT,0.41870586429284967
INDUSINDBK,LT,0.42210409573628177
INFY,LT,0.23420093544809126
ITC,LT,0.24946513182268018
JSWSTEEL,LT,0.4924811526077731
KOTAKBANK,LT,0.2779961074617669
LT,LT,1.0
M&M,LT,0.35894758926939335
MARUTI,LT,0.3343959562923508
NESTLEIND,LT,0.09247297140768028
NTPC,LT,0.5356090795179863
ONGC,LT,0.5422836705106291
POWERGRID,LT,0.44874361040851607
RELIANCE,LT,0.5348278230811859
SBILIFE,LT,0.3306576157139629
SBIN,LT,0.5009023178783732
SHRIRAMFIN,LT,0.45734329443800414
SUNPHARMA,LT,0.16720903125513142
TATACONSUMER,LT,0.16808655581460066
TATAMOTORS,LT,0.35299336013210264
TATASTEEL,LT,0.4838476505647863
TCS,LT,0.21706201650894347
TECHM,LT,0.21031533547687914
TITAN,LT,0.23189960306605092
TRENT,LT,0.185278686244984
ULTRACEMCO,LT,0.4731743891296249
WIPRO,LT,0.319899103403512
,M&M,0.1265865854047145
ADANIGREEN,M&M,0.3045447926385933
ADANIPORTS,M&M,0.31938111017856874
AIRTEL,M&M,0.2919226925527728
APOLLOHOSP,M&M,0.25102858599079875
ASIANPAINT,M&M,0.1401207308761811
AXISBANK,M&M,0.2355560287307913
BAJAJ-AUTO,M&M,0.27162767362712065
BAJAJFINSV,M&M,0.3376841895934924
BAJFINANCE,M&M,0.2679731846701756
BEL,M&M,0.36949762406352044
BPCL,M&M,0.2805196828258847
CIPLA,M&M,0.1742578981846201
COALINDIA,M&M,0.29031299656008924
DRREDDY,M&M,0.2275933128487781
EICHERMOT,M&M,0.35548807669007876
GRASIM,M&M,0.30815278489612147
HCLTECH,M&M,0.19807426641505876
HDFCBANK,M&M,0.3310747964614292
HDFCLIFE,M&M,0.21134161568045154
HEROMOTOCO,M&M,0.36084224875490367
HINDALCO,M&M,0.297201074689898
HINDUNILVR,M&M,0.13020538841324442
ICICIBANK,M&M,0.3152969179642255
INDUSINDBK,M&M,0.3522068548273418
INFY,M&M,0.2340012526255433
ITC,M&M,0.19624580014833648
JSWSTEEL,M&M,0.41812629396241213
KOTAKBANK,M&M,0.23768404613297678
LT,M&M,0.35894758926939335
M&M,M&M,1.0
MARUTI,M&M,0.399134045092691
NESTLEIND,M&M,0.20190076130552806
NTPC,M&M,0.33013664183397523
ONGC,M&M,0.2865787032236021
POWERGRID,M&M,0.29603992581860233
RELIANCE,M&M,0.30063948354303516
SBILIFE,M&M,0.19972418263241198
SBIN,M&M,0.32088024467459497
SHRIRAMFIN,M&M,0.3649251843688808
SUNPHARMA,M&M,0.2855699993112982
TATACONSUMER,M&M,0.16959784224754232
TATAMOTORS,M&M,0.40098660009044623
TATASTEEL,M&M,0.4274322457737186
TCS,M&M,0.17429479044113338
TECHM,M&M,0.21941870199703012
TITAN,M&M,0.28527953275390555
TRENT,M&M,0.2490129874357562
ULTRACEMCO,M&M,0.41864382328347893
WIPRO,M&M,0.29997073083823717
,MARUTI,0.17399945073060336
ADANIGREEN,MARUTI,0.31565893828886393
ADANIPORTS,MARUTI,0.30234181062017373
AIRTEL,MARUTI,0.3480794838446675
APOLLOHOSP,MARUTI,0.19406246723276557
ASIANPAINT,MARUTI,0.26036616156082815
AXISBANK,MARUTI,0.2603712445873796
BAJAJ-AUTO,MARUTI,0.3420054021668423
BAJAJFINSV,MARUTI,0.32927555061094294
BAJFINANCE,MARUTI,0.28124404371038425
BEL,MARUTI,0.2246422837268991
BPCL,MARUTI,0.2887807448452299
CIPLA,MARUTI,0.07938785391116626
COALINDIA,MARUTI,0.2801732159551891
DRREDDY,MARUTI,0.13839076283315427
EICHERMOT,MARUTI,0.38859140248651347
GRASIM,MARUTI,0.2957718713534474
HCLTECH,MARUTI,0.21402796829518914
HDFCBANK,MARUTI,0.2381482584916488
HDFCLIFE,MARUTI,0.2499312399281996
HEROMOTOCO,MARUTI,0.2941136092719679
HINDALCO,MARUTI,0.28618571281135224
HINDUNILVR,MARUTI,0.1480395213403051
ICICIBANK,MARUTI,0.23161133465273612
INDUSINDBK,MARUTI,0.30479875348665186
INFY,MARUTI,0.12259530017606801
ITC,MARUTI,0.2505896113156947
JSWSTEEL,MARUTI,0.37034510671084286
KOTAKBANK,MARUTI,0.21887945370794912
LT,MARUTI,0.3343959562923508
M&M,MARUTI,0.399134045092691
MARUTI,MARUTI,1.0
NESTLEIND,MARUTI,0.23879293886390163
NTPC,MARUTI,0.297150703207263
ONGC,MARUTI,0.2877565090442611
POWERGRID,MARUTI,0.2875814298534051
RELIANCE,MARUTI,0.35115385640279256
SBILIFE,MARUTI,0.2953605199766994
SBIN,MARUTI,0.28760508014018227
SHRIRAMFIN,MARUTI,0.2911480533425951
SUNPHARMA,MARUTI,0.20087182178561735
TATACONSUMER,MARUTI,0.2078164597896241
TATAMOTORS,MARUTI,0.40583117136657515
TATASTEEL,MARUTI,0.3958276026537897
TCS,MARUTI,0.16489164128978473
TECHM,MARUTI,0.1479734451348317
TITAN,MARUTI,0.33227914355540783
TRENT,MARUTI,0.18332063774660176
ULTRACEMCO,MARUTI,0.34917394166857707
WIPRO,MARUTI,0.20520578325333694
,NESTLEIND,0.4637505359571739
ADANIGREEN,NESTLEIND,0.11501655149208942
ADANIPORTS,NESTLEIND,0.08784346363558944
AIRTEL,NESTLEIND,0.1060858205561435
APOLLOHOSP,NESTLEIND,0.2244460291731679
ASIANPAINT,NESTLEIND,0.2826313147898836
AXISBANK,NESTLEIND,0.10034446073619788
BAJAJ-AUTO,NESTLEIND,0.17900471577742583
BAJAJFINSV,NESTLEIND,0.2737449871748948
BAJFINANCE,NESTLEIND,0.24697473503701836
BEL,NESTLEIND,0.06531680419809151
BPCL,NESTLEIND,0.05928383502058228
CIPLA,NESTLEIND,0.11612688233186644
COALINDIA,NESTLEIND,0.08371886814074586
DRREDDY,NESTLEIND,0.2180152514947763
EICHERMOT,NESTLEIND,0.1334036789974509
GRASIM,NESTLEIND,0.2631353302597681
HCLTECH,NESTLEIND,0.10226297528445835
HDFCBANK,NESTLEIND,0.08009735208051748
HDFCLIFE,NESTLEIND,0.12410162696023953
HEROMOTOCO,NESTLEIND,0.24473976363788688
HINDALCO,NESTLEIND,0.10953143991504191
HINDUNILVR,NESTLEIND,0.4640841331292226
ICICIBANK,NESTLEIND,0.09301676649421296
INDUSINDBK,NESTLEIND,0.1742768218867108
INFY,NESTLEIND,0.0691623346170098
ITC,NESTLEIND,0.3314813186910511
JSWSTEEL,NESTLEIND,0.15784079896780948
KOTAKBANK,NESTLEIND,0.12365879229696188
LT,NESTLEIND,0.09247297140768028
M&M,NESTLEIND,0.20190076130552806
MARUTI,NESTLEIND,0.23879293886390163
NESTLEIND,NESTLEIND,1.0
NTPC,NESTLEIND,0.0713388027455219
ONGC,NESTLEIND,0.03285505971705067
POWERGRID,NESTLEIND,0.08346599598459921
RELIANCE,NESTLEIND,0.18308664338450592
SBILIFE,NESTLEIND,0.18169084919223213
SBIN,NESTLEIND,0.029361491235742138
SHRIRAMFIN,NESTLEIND,0.13192283446093242
SUNPHARMA,NESTLEIND,0.14118277749000832
TATACONSUMER,NESTLEIND,0.37573100214763366
TATAMOTORS,NESTLEIND,0.14704046402743634
TATASTEEL,NESTLEIND,0.10330774925412624
TCS,NESTLEIND,0.11449534644611244
TECHM,NESTLEIND,0.05490479493450637
TITAN,NESTLEIND,0.2368745871498147
TRENT,NESTLEIND,0.13667421983085679
ULTRACEMCO,NESTLEIND,0.27818421339220467
WIPRO,NESTLEIND,0.14970768737192983
,NTPC,0.0790820109299389
ADANIGREEN,NTPC,0.5459596333932084
ADANIPORTS,NTPC,0.6104642922480006
AIRTEL,NTPC,0.36618679536727483
APOLLOHOSP,NTPC,0.19412871147539487
ASIANPAINT,NTPC,0.2220637061399649
AXISBANK,NTPC,0.3948134609675543
BAJAJ-AUTO,NTPC,0.20255979200490437
BAJAJFINSV,NTPC,0.39122550744968687
BAJFINANCE,NTPC,0.32826019804141093
BEL,NTPC,0.607886402882183
BPCL,NTPC,0.5907585310320111
CIPLA,NTPC,0.09237528236547853
COALINDIA,NTPC,0.6177820746150615
DRREDDY,NTPC,0.20916327584857525
EICHERMOT,NTPC,0.2709340347110787
GRASIM,NTPC,0.39938931479831835
HCLTECH,NTPC,0.1626841293745512
HDFCBANK,NTPC,0.33896418120123023
HDFCLIFE,NTPC,0.2066614719001846
HEROMOTOCO,NTPC,0.14858363979285621
HINDALCO,NTPC,0.35844289439636123
HINDUNILVR,NTPC,-0.047525033234824626
ICICIBANK,NTPC,0.35849330026436665
INDUSINDBK,NTPC,0.44616080868879643
INFY,NTPC,0.11935021410171011
ITC,NTPC,0.23570812809868524
JSWSTEEL,NTPC,0.5103602083325689
KOTAKBANK,NTPC,0.236328091247412
LT,NTPC,0.5356090795179863
M&M,NTPC,0.33013664183397523
MARUTI,NTPC,0.297150703207263
NESTLEIND,NTPC,0.0713388027455219
NTPC,NTPC,1.0
ONGC,NTPC,0.628245549256037
POWERGRID,NTPC,0.7118226882760893
RELIANCE,NTPC,0.5489997474442436
SBILIFE,NTPC,0.23003083345273487
SBIN,NTPC,0.589903334109228
SHRIRAMFIN,NTPC,0.47262797979478827
SUNPHARMA,NTPC,0.23024570589215337
TATACONSUMER,NTPC,0.1870782047311668
TATAMOTORS,NTPC,0.4099240463402336
TATASTEEL,NTPC,0.5339426794226825
TCS,NTPC,0.10994498033144819
TECHM,NTPC,0.18986965327895483
TITAN,NTPC,0.3340507702365929
TRENT,NTPC,0.23573593930493564
ULTRACEMCO,NTPC,0.4485236398684601
WIPRO,NTPC,0.20293502242044653
,ONGC,0.03895356551339911
ADANIGREEN,ONGC,0.4849098585045118
ADANIPORTS,ONGC,0.5218032460309534
AIRTEL,ONGC,0.34641140970960943
APOLLOHOSP,ONGC,0.1736580399945663
ASIANPAINT,ONGC,0.12865361589102497
AXISBANK,ONGC,0.31344947827043435
BAJAJ-AUTO,ONGC,0.1878708958366479
BAJAJFINSV,ONGC,0.3057365564941464
BAJFINANCE,ONGC,0.31629740550245333
BEL,ONGC,0.5723767986317229
BPCL,ONGC,0.5952959294022607
CIPLA,ONGC,0.033604062288241185
COALINDIA,ONGC,0.6478178232214918
DRREDDY,ONGC,0.1809175310577822
EICHERMOT,ONGC,0.24019208840280312
GRASIM,ONGC,0.32578330937037464
HCLTECH,ONGC,0.21937251525111653
HDFCBANK,ONGC,0.2806102267917217
HDFCLIFE,ONGC,0.20544491663495512
HEROMOTOCO,ONGC,0.19713463957410307
HINDALCO,ONGC,0.4098223699758876
HINDUNILVR,ONGC,-0.016746716338779735
ICICIBANK,ONGC,0.2778729952267743
INDUSINDBK,ONGC,0.32314181980601064
INFY,ONGC,0.22817555645683404
ITC,ONGC,0.19605964653313124
JSWSTEEL,ONGC,0.44119217332439054
KOTAKBANK,ONGC,0.23556528414119252
LT,ONGC,0.5422836705106291
M&M,ONGC,0.2865787032236021
MARUTI,ONGC,0.2877565090442611
NESTLEIND,ONGC,0.03285505971705067
NTPC,ONGC,0.628245549256037
ONGC,ONGC,1.0
POWERGRID,ONGC,0.504077043921555
RELIANCE,ONGC,0.5537169290499089
SBILIFE,ONGC,0.26227552945595295
SBIN,ONGC,0.5730814643672804
SHRIRAMFIN,ONGC,0.44665267350319976
SUNPHARMA,ONGC,0.2281452625967267
TATACONSUMER,ONGC,0.1772289972666862
TATAMOTORS,ONGC,0.43692677467912683
TATASTEEL,ONGC,0.49186004814903794
TCS,ONGC,0.16816160963104881
TECHM,ONGC,0.23351537179236928
TITAN,ONGC,0.1926946862486077
TRENT,ONGC,0.21158537627926283
ULTRACEMCO,ONGC,0.4045192212328132
WIPRO,ONGC,0.28896703743415564
,POWERGRID,-0.026592130238989525
ADANIGREEN,POWERGRID,0.4039462756861802
ADANIPORTS,POWERGRID,0.5116959571605549
AIRTEL,POWERGRID,0.3112279801484063
APOLLOHOSP,POWERGRID,0.17843781593489988
ASIANPAINT,POWERGRID,0.11166498193260861
AXISBANK,POWERGRID,0.294692628398174
BAJAJ-AUTO,POWERGRID,0.16836442536932567
BAJAJFINSV,POWERGRID,0.3070340339723172
BAJFINANCE,POWERGRID,0.24510084205888233
BEL,POWERGRID,0.5447558899699269
BPCL,POWERGRID,0.5313827749885819
CIPLA,POWERGRID,0.12963594375339096
COALINDIA,POWERGRID,0.5340375597261456
DRREDDY,POWERGRID,0.1905509253780308
EICHERMOT,POWERGRID,0.21484635830841908
GRASIM,POWERGRID,0.35890715730895756
HCLTECH,POWERGRID,0.11698936833125385
HDFCBANK,POWERGRID,0.3140149287401469
HDFCLIFE,POWERGRID,0.11652007462086209
HEROMOTOCO,POWERGRID,0.1376210862200542
HINDALCO,POWERGRID,0.3760865975688866
HINDUNILVR,POWERGRID,-0.07779153263335312
ICICIBANK,POWERGRID,0.2980626093690692
INDUSINDBK,POWERGRID,0.33037329859263237
INFY,POWERGRID,0.09214176532811907
ITC,POWERGRID,0.13533284266545378
JSWSTEEL,POWERGRID,0.4560522823688258
KOTAKBANK,POWERGRID,0.1922213090762746
LT,POWERGRID,0.44874361040851607
M&M,POWERGRID,0.29603992581860233
MARUTI,POWERGRID,0.2875814298534051
NESTLEIND,POWERGRID,0.08346599598459921
NTPC,POWERGRID,0.7118226882760893
ONGC,POWERGRID,0.504077043921555
POWERGRID,POWERGRID,1.0
RELIANCE,POWERGRID,0.4753269542997877
SBILIFE,POWERGRID,0.15395642903503323
SBIN,POWERGRID,0.4942307430230869
SHRIRAMFIN,POWERGRID,0.35706962154104593
SUNPHARMA,POWERGRID,0.24612161381594921
TATACONSUMER,POWERGRID,0.15089307416133815
TATAMOTORS,POWERGRID,0.3550573466043295
TATASTEEL,POWERGRID,0.5024279985041904
TCS,POWERGRID,0.09729507732456262
TECHM,POWERGRID,0.15160859991455566
TITAN,POWERGRID,0.20860943339129473
TRENT,POWERGRID,0.20054240492119357
ULTRACEMCO,POWERGRID,0.3966844523358626
WIPRO,POWERGRID,0.1666307694546469
,RELIANCE,0.13750535117666066
ADANIGREEN,RELIANCE,0.48709678829663877
ADANIPORTS,RELIANCE,0.5127359236075946
AIRTEL,RELIANCE,0.3659946828398583
APOLLOHOSP,RELIANCE,0.2347277056851401
ASIANPAINT,RELIANCE,0.29496314792607853
AXISBANK,RELIANCE,0.42345648695274773
BAJAJ-AUTO,RELIANCE,0.2469613290708274
BAJAJFINSV,RELIANCE,0.4072007302530863
BAJFINANCE,RELIANCE,0.41334172764902644
BEL,RELIANCE,0.49250685924445414
BPCL,RELIANCE,0.481098717806072
CIPLA,RELIANCE,0.058345290979761565
COALINDIA,RELIANCE,0.5069564751785052
DRREDDY,RELIANCE,0.16029196337667473
EICHERMOT,RELIANCE,0.33606691379693726
GRASIM,RELIANCE,0.40282035284794543
HCLTECH,RELIANCE,0.27662855466305286
HDFCBANK,RELIANCE,0.313813256464031
HDFCLIFE,RELIANCE,0.22170223727596008
HEROMOTOCO,RELIANCE,0.24434205373342557
HINDALCO,RELIANCE,0.33165305401797074
HINDUNILVR,RELIANCE,0.09257287984487032
ICICIBANK,RELIANCE,0.39652392915056695
INDUSINDBK,RELIANCE,0.39557386850284915
INFY,RELIANCE,0.1994787611796198
ITC,RELIANCE,0.29556682154929953
JSWSTEEL,RELIANCE,0.4223713671939522
KOTAKBANK,RELIANCE,0.3510816271875215
LT,RELIANCE,0.5348278230811859
M&M,RELIANCE,0.30063948354303516
MARUTI,RELIANCE,0.35115385640279256
NESTLEIND,RELIANCE,0.18308664338450592
NTPC,RELIANCE,0.5489997474442436
ONGC,RELIANCE,0.5537169290499089
POWERGRID,RELIANCE,0.4753269542997877
RELIANCE,RELIANCE,1.0
SBILIFE,RELIANCE,0.27981670216033433
SBIN,RELIANCE,0.5463070873474805
SHRIRAMFIN,RELIANCE,0.44890422078972386
SUNPHARMA,RELIANCE,0.29311619790028354
TATACONSUMER,RELIANCE,0.20776257497316514
TATAMOTORS,RELIANCE,0.38658256833913
TATASTEEL,RELIANCE,0.4411044994065386
TCS,RELIANCE,0.24797084602646927
TECHM,RELIANCE,0.26606297561703235
TITAN,RELIANCE,0.3293231235132684
TRENT,RELIANCE,0.28277871345729444
ULTRACEMCO,RELIANCE,0.4903816604229934
WIPRO,RELIANCE,0.3643132113932491
,SBILIFE,0.08849708581332989
ADANIGREEN,SBILIFE,0.2891926637601976
ADANIPORTS,SBILIFE,0.28461312511245185
AIRTEL,SBILIFE,0.2417230638954148
APOLLOHOSP,SBILIFE,0.16070603440418743
ASIANPAINT,SBILIFE,0.22035222755305742
AXISBANK,SBILIFE,0.18305336272358966
BAJAJ-AUTO,SBILIFE,0.19021110505454747
BAJAJFINSV,SBILIFE,0.4057174140421663
BAJFINANCE,SBILIFE,0.335100937267961
BEL,SBILIFE,0.20993910373733968
BPCL,SBILIFE,0.2401668415969443
CIPLA,SBILIFE,0.1297996887802289
COALINDIA,SBILIFE,0.2537808499692649
DRREDDY,SBILIFE,0.20465401053265278
EICHERMOT,SBILIFE,0.31184742138228616
GRASIM,SBILIFE,0.250492552487582
HCLTECH,SBILIFE,0.20805574892105155
HDFCBANK,SBILIFE,0.21236157271541603
HDFCLIFE,SBILIFE,0.5965490718202711
HEROMOTOCO,SBILIFE,0.20195252049567514
HINDALCO,SBILIFE,0.17899471552580182
HINDUNILVR,SBILIFE,0.2611559288326374
ICICIBANK,SBILIFE,0.213374685737872
INDUSINDBK,SBILIFE,0.2218815663358047
INFY,SBILIFE,0.16493568354040958
ITC,SBILIFE,0.2075114257725708
JSWSTEEL,SBILIFE,0.2308910138851656
KOTAKBANK,SBILIFE,0.2912511199138028
LT,SBILIFE,0.3306576157139629
M&M,SBILIFE,0.19972418263241198
MARUTI,SBILIFE,0.2953605199766994
NESTLEIND,SBILIFE,0.18169084919223213
NTPC,SBILIFE,0.23003083345273487
ONGC,SBILIFE,0.26227552945595295
POWERGRID,SBILIFE,0.15395642903503323
RELIANCE,SBILIFE,0.27981670216033433
SBILIFE,SBILIFE,1.0
SBIN,SBILIFE,0.27274246776837857
SHRIRAMFIN,SBILIFE,0.3352244084633431
SUNPHARMA,SBILIFE,0.1311424612061772
TATACONSUMER,SBILIFE,0.21061323010811117
TATAMOTORS,SBILIFE,0.224282907981251
TATASTEEL,SBILIFE,0.2321131418279305
TCS,SBILIFE,0.17501447006391901
TECHM,SBILIFE,0.1545849426495435
TITAN,SBILIFE,0.21954283399837662
TRENT,SBILIFE,0.17080038021293914
ULTRACEMCO,SBILIFE,0.26679702593472526
WIPRO,SBILIFE,0.24633833029878258
,SBIN,-0.0013209616659921924
ADANIGREEN,SBIN,0.5446973988449255
ADANIPORTS,SBIN,0.579515887444585
AIRTEL,SBIN,0.290364140540602
APOLLOHOSP,SBIN,0.1828501325830731
ASIANPAINT,SBIN,0.10786553634810252
AXISBANK,SBIN,0.5161224530316103
BAJAJ-AUTO,SBIN,0.15485382685813512
BAJAJFINSV,SBIN,0.41985865031145836
BAJFINANCE,SBIN,0.39769633642397356
BEL,SBIN,0.5802134538500828
BPCL,SBIN,0.5254628785296441
CIPLA,SBIN,0.02799974110682328
COALINDIA,SBIN,0.516040029566645
DRREDDY,SBIN,0.13819604429995
EICHERMOT,SBIN,0.31463548867263075
GRASIM,SBIN,0.43058102176180124
HCLTECH,SBIN,0.21270998339292208
HDFCBANK,SBIN,0.35761420795769344
HDFCLIFE,SBIN,0.21970748415859812
HEROMOTOCO,SBIN,0.13669325328463705
HINDALCO,SBIN,0.3405846260744456
HINDUNILVR,SBIN,-0.05993339256353352
ICICIBANK,SBIN,0.5172191482353047
INDUSINDBK,SBIN,0.45217493231921724
INFY,SBIN,0.17819069853329414
ITC,SBIN,0.26303203409224074
JSWSTEEL,SBIN,0.45087944205593705
KOTAKBANK,SBIN,0.2813006351339595
LT,SBIN,0.5009023178783732
M&M,SBIN,0.32088024467459497
MARUTI,SBIN,0.28760508014018227
NESTLEIND,SBIN,0.029361491235742138
NTPC,SBIN,0.589903334109228
ONGC,SBIN,0.5730814643672804
POWERGRID,SBIN,0.4942307430230869
RELIANCE,SBIN,0.5463070873474805
SBILIFE,SBIN,0.27274246776837857
SBIN,SBIN,1.0
SHRIRAMFIN,SBIN,0.5102010417275784
SUNPHARMA,SBIN,0.12285651335571848
TATACONSUMER,SBIN,0.11756662379805337
TATAMOTORS,SBIN,0.3633210387305023
TATASTEEL,SBIN,0.4896241298629037
TCS,SBIN,0.16286208875013286
TECHM,SBIN,0.19375534141601125
TITAN,SBIN,0.223221053444632
TRENT,SBIN,0.2764913797082071
ULTRACEMCO,SBIN,0.42549397080611384
WIPRO,SBIN,0.24353074067147876
,SHRIRAMFIN,0.11630855727764502
ADANIGREEN,SHRIRAMFIN,0.4102982543331034
ADANIPORTS,SHRIRAMFIN,0.46989037529577304
AIRTEL,SHRIRAMFIN,0.3607986754842975
APOLLOHOSP,SHRIRAMFIN,0.2917677029475651
ASIANPAINT,SHRIRAMFIN,0.2025399141372579
AXISBANK,SHRIRAMFIN,0.44856441977753825
BAJAJ-AUTO,SHRIRAMFIN,0.3011416075976083
BAJAJFINSV,SHRIRAMFIN,0.46879071013864454
BAJFINANCE,SHRIRAMFIN,0.4616176412939546
BEL,SHRIRAMFIN,0.47548008008820714
BPCL,SHRIRAMFIN,0.3863220247948607
CIPLA,SHRIRAMFIN,0.09791128190381693
COALINDIA,SHRIRAMFIN,0.42629126368416675
DRREDDY,SHRIRAMFIN,0.1412270575118756
EICHERMOT,SHRIRAMFIN,0.3656603267327274
GRASIM,SHRIRAMFIN,0.358049122576349
HCLTECH,SHRIRAMFIN,0.23307661944221786
HDFCBANK,SHRIRAMFIN,0.33317606651423975
HDFCLIFE,SHRIRAMFIN,0.3049213698677052
HEROMOTOCO,SHRIRAMFIN,0.25748245243009177
HINDALCO,SHRIRAMFIN,0.31711617416918225
HINDUNILVR,SHRIRAMFIN,0.03293622778075348
ICICIBANK,SHRIRAMFIN,0.449878029234802
INDUSINDBK,SHRIRAMFIN,0.4344296885150352
INFY,SHRIRAMFIN,0.17098545259842562
ITC,SHRIRAMFIN,0.23580555616823112
JSWSTEEL,SHRIRAMFIN,0.4159659226506089
KOTAKBANK,SHRIRAMFIN,0.28601476123295333
LT,SHRIRAMFIN,0.45734329443800414
M&M,SHRIRAMFIN,0.3649251843688808
MARUTI,SHRIRAMFIN,0.2911480533425951
NESTLEIND,SHRIRAMFIN,0.13192283446093242
NTPC,SHRIRAMFIN,0.47262797979478827
ONGC,SHRIRAMFIN,0.44665267350319976
POWERGRID,SHRIRAMFIN,0.35706962154104593
RELIANCE,SHRIRAMFIN,0.44890422078972386
SBILIFE,SHRIRAMFIN,0.3352244084633431
SBIN,SHRIRAMFIN,0.5102010417275784
SHRIRAMFIN,SHRIRAMFIN,1.0
SUNPHARMA,SHRIRAMFIN,0.21096261490110874
TATACONSUMER,SHRIRAMFIN,0.18777807458236384
TATAMOTORS,SHRIRAMFIN,0.36247369819038816
TATASTEEL,SHRIRAMFIN,0.43692015704877246
TCS,SHRIRAMFIN,0.1136536383752489
TECHM,SHRIRAMFIN,0.22714675244896196
TITAN,SHRIRAMFIN,0.25468738266229296
TRENT,SHRIRAMFIN,0.22869102349668793
ULTRACEMCO,SHRIRAMFIN,0.4682391588172857
WIPRO,SHRIRAMFIN,0.29860701912305104
,SUNPHARMA,0.1879360101779578
ADANIGREEN,SUNPHARMA,0.16625555123449853
ADANIPORTS,SUNPHARMA,0.2158557940043052
AIRTEL,SUNPHARMA,0.27222667665739547
APOLLOHOSP,SUNPHARMA,0.2862267006851859
ASIANPAINT,SUNPHARMA,0.20226174833853694
AXISBANK,SUNPHARMA,0.14399116186911057
BAJAJ-AUTO,SUNPHARMA,0.1499568504484307
BAJAJFINSV,SUNPHARMA,0.213243267518819
BAJFINANCE,SUNPHARMA,0.13726193957843952
BEL,SUNPHARMA,0.16353067159456544
BPCL,SUNPHARMA,0.20549427878277168
CIPLA,SUNPHARMA,0.4147589169737103
COALINDIA,SUNPHARMA,0.17747109824151913
DRREDDY,SUNPHARMA,0.3966864827885487
EICHERMOT,SUNPHARMA,0.17528292835579262
GRASIM,SUNPHARMA,0.21812160094679922
HCLTECH,SUNPHARMA,0.15609948334667414
HDFCBANK,SUNPHARMA,0.07182001130779199
HDFCLIFE,SUNPHARMA,0.16851839535848304
HEROMOTOCO,SUNPHARMA,0.2204618593829511
HINDALCO,SUNPHARMA,0.2544265245716213
HINDUNILVR,SUNPHARMA,0.0513384892384068
ICICIBANK,SUNPHARMA,0.20272564248857125
INDUSINDBK,SUNPHARMA,0.12291706675322549
INFY,SUNPHARMA,0.14307331814243884
ITC,SUNPHARMA,0.18699493800648656
JSWSTEEL,SUNPHARMA,0.25222186112334
KOTAKBANK,SUNPHARMA,0.08910037108174428
LT,SUNPHARMA,0.16720903125513142
M&M,SUNPHARMA,0.2855699993112982
MARUTI,SUNPHARMA,0.20087182178561735
NESTLEIND,SUNPHARMA,0.14118277749000832
NTPC,SUNPHARMA,0.23024570589215337
ONGC,SUNPHARMA,0.2281452625967267
POWERGRID,SUNPHARMA,0.24612161381594921
RELIANCE,SUNPHARMA,0.29311619790028354
SBILIFE,SUNPHARMA,0.1311424612061772
SBIN,SUNPHARMA,0.12285651335571848
SHRIRAMFIN,SUNPHARMA,0.21096261490110874
SUNPHARMA,SUNPHARMA,1.0
TATACONSUMER,SUNPHARMA,0.1722948440594173
TATAMOTORS,SUNPHARMA,0.3059106911352976
TATASTEEL,SUNPHARMA,0.26097075067371384
TCS,SUNPHARMA,0.14768997714745086
TECHM,SUNPHARMA,0.16400085466996636
TITAN,SUNPHARMA,0.21433530653784244
TRENT,SUNPHARMA,0.2563798939294317
ULTRACEMCO,SUNPHARMA,0.23244140957920428
WIPRO,SUNPHARMA,0.192644191257594
,TATACONSUMER,0.4050083317635453
ADANIGREEN,TATACONSUMER,0.20384725008722163
ADANIPORTS,TATACONSUMER,0.22065499778075612
AIRTEL,TATACONSUMER,0.24873195165373588
APOLLOHOSP,TATACONSUMER,0.096699678542963
ASIANPAINT,TATACONSUMER,0.24427831720571966
AXISBANK,TATACONSUMER,0.1397468760601615
BAJAJ-AUTO,TATACONSUMER,0.1851350828121931
BAJAJFINSV,TATACONSUMER,0.3044968379064375
BAJFINANCE,TATACONSUMER,0.23636949321363698
BEL,TATACONSUMER,0.17580872844609702
BPCL,TATACONSUMER,0.156373457077185
CIPLA,TATACONSUMER,0.07322738443147281
COALINDIA,TATACONSUMER,0.21307221678050367
DRREDDY,TATACONSUMER,0.11061534930378142
EICHERMOT,TATACONSUMER,0.17237511343703016
GRASIM,TATACONSUMER,0.2829945522212846
HCLTECH,TATACONSUMER,0.2095399465246621
HDFCBANK,TATACONSUMER,0.10865415793250464
HDFCLIFE,TATACONSUMER,0.21430714759933833
HEROMOTOCO,TATACONSUMER,0.21235129624272617
HINDALCO,TATACONSUMER,0.18097602223738765
HINDUNILVR,TATACONSUMER,0.41207099376389406
ICICIBANK,TATACONSUMER,0.12059223927769683
INDUSINDBK,TATACONSUMER,0.2735500110195814
INFY,TATACONSUMER,0.24519270130416088
ITC,TATACONSUMER,0.30265454490857974
JSWSTEEL,TATACONSUMER,0.23553247098047903
KOTAKBANK,TATACONSUMER,0.1974292017721705
LT,TATACONSUMER,0.16808655581460066
M&M,TATACONSUMER,0.16959784224754232
MARUTI,TATACONSUMER,0.2078164597896241
NESTLEIND,TATACONSUMER,0.37573100214763366
NTPC,TATACONSUMER,0.1870782047311668
ONGC,TATACONSUMER,0.1772289972666862
POWERGRID,TATACONSUMER,0.15089307416133815
RELIANCE,TATACONSUMER,0.20776257497316514
SBILIFE,TATACONSUMER,0.21061323010811117
SBIN,TATACONSUMER,0.11756662379805337
SHRIRAMFIN,TATACONSUMER,0.18777807458236384
SUNPHARMA,TATACONSUMER,0.1722948440594173
TATACONSUMER,TATACONSUMER,1.0
TATAMOTORS,TATACONSUMER,0.18806159922322785
TATASTEEL,TATACONSUMER,0.22577747913706897
TCS,TATACONSUMER,0.2716338669783213
TECHM,TATACONSUMER,0.21275624001067653
TITAN,TATACONSUMER,0.311261954407186
TRENT,TATACONSUMER,0.18599531366991434
ULTRACEMCO,TATACONSUMER,0.2449721358386307
WIPRO,TATACONSUMER,0.24910729703860784
,TATAMOTORS,0.10901851131774232
ADANIGREEN,TATAMOTORS,0.3240711368540584
ADANIPORTS,TATAMOTORS,0.33924128192542985
AIRTEL,TATAMOTORS,0.26933117865011125
APOLLOHOSP,TATAMOTORS,0.21235742708711508
ASIANPAINT,TATAMOTORS,0.10584721830751244
AXISBANK,TATAMOTORS,0.23214517169866175
BAJAJ-AUTO,TATAMOTORS,0.294698277500844
BAJAJFINSV,TATAMOTORS,0.28016899304461806
BAJFINANCE,TATAMOTORS,0.21274826620313564
BEL,TATAMOTORS,0.3671733408603183
BPCL,TATAMOTORS,0.4156788766040579
CIPLA,TATAMOTORS,0.06896596173427366
COALINDIA,TATAMOTORS,0.4063151384918448
DRREDDY,TATAMOTORS,0.20012481814165411
EICHERMOT,TATAMOTORS,0.31662007686741156
GRASIM,TATAMOTORS,0.33630421218517115
HCLTECH,TATAMOTORS,0.2693343420188279
HDFCBANK,TATAMOTORS,0.2049862716770668
HDFCLIFE,TATAMOTORS,0.22416569486239962
HEROMOTOCO,TATAMOTORS,0.29074636363997075
HINDALCO,TATAMOTORS,0.3649585499204322
HINDUNILVR,TATAMOTORS,0.08802417313583706
ICICIBANK,TATAMOTORS,0.19967367981777367
INDUSINDBK,TATAMOTORS,0.3333592169520063
INFY,TATAMOTORS,0.18171033182177962
ITC,TATAMOTORS,0.18856371956042822
JSWSTEEL,TATAMOTORS,0.408712434300929
KOTAKBANK,TATAMOTORS,0.1602055379086266
LT,TATAMOTORS,0.35299336013210264
M&M,TATAMOTORS,0.40098660009044623
MARUTI,TATAMOTORS,0.40583117136657515
NESTLEIND,TATAMOTORS,0.14704046402743634
NTPC,TATAMOTORS,0.4099240463402336
ONGC,TATAMOTORS,0.43692677467912683
POWERGRID,TATAMOTORS,0.3550573466043295
RELIANCE,TATAMOTORS,0.38658256833913
SBILIFE,TATAMOTORS,0.224282907981251
SBIN,TATAMOTORS,0.3633210387305023
SHRIRAMFIN,TATAMOTORS,0.36247369819038816
SUNPHARMA,TATAMOTORS,0.3059106911352976
TATACONSUMER,TATAMOTORS,0.18806159922322785
TATAMOTORS,TATAMOTORS,1.0
TATASTEEL,TATAMOTORS,0.5134156183051725
TCS,TATAMOTORS,0.24888947775175302
TECHM,TATAMOTORS,0.27902575814516006
TITAN,TATAMOTORS,0.2743233315396281
TRENT,TATAMOTORS,0.22243693686076582
ULTRACEMCO,TATAMOTORS,0.3539462991832997
WIPRO,TATAMOTORS,0.3117965429853704
,TATASTEEL,0.1188338580755277
ADANIGREEN,TATASTEEL,0.4235630087690204
ADANIPORTS,TATASTEEL,0.46604258720999453
AIRTEL,TATASTEEL,0.30535156427306953
APOLLOHOSP,TATASTEEL,0.25473089550031014
ASIANPAINT,TATASTEEL,0.2870503112737258
AXISBANK,TATASTEEL,0.37095708164183383
BAJAJ-AUTO,TATASTEEL,0.2836905519549172
BAJAJFINSV,TATASTEEL,0.4565703359871316
BAJFINANCE,TATASTEEL,0.3816158260831061
BEL,TATASTEEL,0.5203646257642723
BPCL,TATASTEEL,0.4628854156186058
CIPLA,TATASTEEL,0.1311124352118802
COALINDIA,TATASTEEL,0.5354247046083493
DRREDDY,TATASTEEL,0.20722235085007384
EICHERMOT,TATASTEEL,0.31449871414501435
GRASIM,TATASTEEL,0.46364574877882075
HCLTECH,TATASTEEL,0.2687192519614349
HDFCBANK,TATASTEEL,0.3807644072947067
HDFCLIFE,TATASTEEL,0.2751765259367283
HEROMOTOCO,TATASTEEL,0.28777367998294917
HINDALCO,TATASTEEL,0.6300992825286463
HINDUNILVR,TATASTEEL,0.08473425857585834
ICICIBANK,TATASTEEL,0.34527940440859317
INDUSINDBK,TATASTEEL,0.39625810124700944
INFY,TATASTEEL,0.18095392698644067
ITC,TATASTEEL,0.2572687710740445
JSWSTEEL,TATASTEEL,0.794189129847186
KOTAKBANK,TATASTEEL,0.26272624221443097
LT,TATASTEEL,0.4838476505647863
M&M,TATASTEEL,0.4274322457737186
MARUTI,TATASTEEL,0.3958276026537897
NESTLEIND,TATASTEEL,0.10330774925412624
NTPC,TATASTEEL,0.5339426794226825
ONGC,TATASTEEL,0.49186004814903794
POWERGRID,TATASTEEL,0.5024279985041904
RELIANCE,TATASTEEL,0.4411044994065386
SBILIFE,TATASTEEL,0.2321131418279305
SBIN,TATASTEEL,0.4896241298629037
SHRIRAMFIN,TATASTEEL,0.43692015704877246
SUNPHARMA,TATASTEEL,0.26097075067371384
TATACONSUMER,TATASTEEL,0.22577747913706897
TATAMOTORS,TATASTEEL,0.5134156183051725
TATASTEEL,TATASTEEL,1.0
TCS,TATASTEEL,0.23586697667744574
TECHM,TATASTEEL,0.2836483319092151
TITAN,TATASTEEL,0.293415635666182
TRENT,TATASTEEL,0.21874786789532918
ULTRACEMCO,TATASTEEL,0.47172234029698507
WIPRO,TATASTEEL,0.33180783446380907
,TCS,0.1176574228785195
ADANIGREEN,TCS,0.11579045507499162
ADANIPORTS,TCS,0.13242270962039474
AIRTEL,TCS,0.19318275580109218
APOLLOHOSP,TCS,0.1068460170305316
ASIANPAINT,TCS,0.16669854297765385
AXISBANK,TCS,0.0946685266965614
BAJAJ-AUTO,TCS,0.017590812364384093
BAJAJFINSV,TCS,0.2348415286667764
BAJFINANCE,TCS,0.17442474436881075
BEL,TCS,0.12075804541099913
BPCL,TCS,0.175425900920932
CIPLA,TCS,0.07902188833691759
COALINDIA,TCS,0.09526341482137556
DRREDDY,TCS,0.22321168844679296
EICHERMOT,TCS,0.14377616471917185
GRASIM,TCS,0.17994312740717625
HCLTECH,TCS,0.6290794218553654
HDFCBANK,TCS,0.045285713021930095
HDFCLIFE,TCS,0.11544945717421162
HEROMOTOCO,TCS,0.10866546662495381
HINDALCO,TCS,0.16104416442255612
HINDUNILVR,TCS,0.14534472933707102
ICICIBANK,TCS,0.16648861508644344
INDUSINDBK,TCS,0.08559047262765863
INFY,TCS,0.7078841751701882
ITC,TCS,0.15227394667725197
JSWSTEEL,TCS,0.20929134202410482
KOTAKBANK,TCS,0.11556480163922807
LT,TCS,0.21706201650894347
M&M,TCS,0.17429479044113338
MARUTI,TCS,0.16489164128978473
NESTLEIND,TCS,0.11449534644611244
NTPC,TCS,0.10994498033144819
ONGC,TCS,0.16816160963104881
POWERGRID,TCS,0.09729507732456262
RELIANCE,TCS,0.24797084602646927
SBILIFE,TCS,0.17501447006391901
SBIN,TCS,0.16286208875013286
SHRIRAMFIN,TCS,0.1136536383752489
SUNPHARMA,TCS,0.14768997714745086
TATACONSUMER,TCS,0.2716338669783213
TATAMOTORS,TCS,0.24888947775175302
TATASTEEL,TCS,0.23586697667744574
TCS,TCS,1.0
TECHM,TCS,0.5788816895103249
TITAN,TCS,0.14547519373806522
TRENT,TCS,0.12202060401676924
ULTRACEMCO,TCS,0.2386785789969207
WIPRO,TCS,0.5914274914931765
,TECHM,0.12966400740384826
ADANIGREEN,TECHM,0.14167733642876768
ADANIPORTS,TECHM,0.14803390244205863
AIRTEL,TECHM,0.2723520791644865
APOLLOHOSP,TECHM,0.16911799216785398
ASIANPAINT,TECHM,0.16295888852087534
AXISBANK,TECHM,0.1364691783195106
BAJAJ-AUTO,TECHM,0.037877025808404886
BAJAJFINSV,TECHM,0.2042760675568545
BAJFINANCE,TECHM,0.17336015861682663
BEL,TECHM,0.22239481016575469
BPCL,TECHM,0.20163162056503509
CIPLA,TECHM,0.05219913311620206
COALINDIA,TECHM,0.1781729853668627
DRREDDY,TECHM,0.2200186329222398
EICHERMOT,TECHM,0.18957844427939843
GRASIM,TECHM,0.17511026173481065
HCLTECH,TECHM,0.5482800795106635
HDFCBANK,TECHM,0.20466715125050258
HDFCLIFE,TECHM,0.11952917452276812
HEROMOTOCO,TECHM,0.1112428093042145
HINDALCO,TECHM,0.23638727750781405
HINDUNILVR,TECHM,0.13131272639412817
ICICIBANK,TECHM,0.16865500178890175
INDUSINDBK,TECHM,0.10315296762020999
INFY,TECHM,0.6491457614954589
ITC,TECHM,0.21781560466216898
JSWSTEEL,TECHM,0.2689890432924979
KOTAKBANK,TECHM,0.17473849328787103
LT,TECHM,0.21031533547687914
M&M,TECHM,0.21941870199703012
MARUTI,TECHM,0.1479734451348317
NESTLEIND,TECHM,0.05490479493450637
NTPC,TECHM,0.18986965327895483
ONGC,TECHM,0.23351537179236928
POWERGRID,TECHM,0.15160859991455566
RELIANCE,TECHM,0.26606297561703235
SBILIFE,TECHM,0.1545849426495435
SBIN,TECHM,0.19375534141601125
SHRIRAMFIN,TECHM,0.22714675244896196
SUNPHARMA,TECHM,0.16400085466996636
TATACONSUMER,TECHM,0.21275624001067653
TATAMOTORS,TECHM,0.27902575814516006
TATASTEEL,TECHM,0.2836483319092151
TCS,TECHM,0.5788816895103249
TECHM,TECHM,1.0
TITAN,TECHM,0.24338876058738682
TRENT,TECHM,0.1507506123095131
ULTRACEMCO,TECHM,0.26990380306298
WIPRO,TECHM,0.5992532284803614
,TITAN,0.07310938682866647
ADANIGREEN,TITAN,0.28328071027247675
ADANIPORTS,TITAN,0.2961483418084938
AIRTEL,TITAN,0.27603700839023804
APOLLOHOSP,TITAN,0.2533612455922524
ASIANPAINT,TITAN,0.3074044630485633
AXISBANK,TITAN,0.14593141014981456
BAJAJ-AUTO,TITAN,0.20105970208514465
BAJAJFINSV,TITAN,0.3295268898746543
BAJFINANCE,TITAN,0.2690388885654182
BEL,TITAN,0.16676677160419995
BPCL,TITAN,0.27508600155964086
CIPLA,TITAN,0.10752922970429055
COALINDIA,TITAN,0.2383360215458712
DRREDDY,TITAN,0.13999051002242102
EICHERMOT,TITAN,0.26820570294019325
GRASIM,TITAN,0.3682972638728635
HCLTECH,TITAN,0.1994405969482101
HDFCBANK,TITAN,0.1880207165069055
HDFCLIFE,TITAN,0.22662237572459545
HEROMOTOCO,TITAN,0.30247981842439675
HINDALCO,TITAN,0.2494380153507044
HINDUNILVR,TITAN,0.18747665018653012
ICICIBANK,TITAN,0.14647431234434818
INDUSINDBK,TITAN,0.24043349852813695
INFY,TITAN,0.21507237824740918
ITC,TITAN,0.3182611629556045
JSWSTEEL,TITAN,0.3221275143662096
KOTAKBANK,TITAN,0.16805281132577893
LT,TITAN,0.23189960306605092
M&M,TITAN,0.28527953275390555
MARUTI,TITAN,0.33227914355540783
NESTLEIND,TITAN,0.2368745871498147
NTPC,TITAN,0.3340507702365929
ONGC,TITAN,0.1926946862486077
POWERGRID,TITAN,0.20860943339129473
RELIANCE,TITAN,0.3293231235132684
SBILIFE,TITAN,0.21954283399837662
SBIN,TITAN,0.223221053444632
SHRIRAMFIN,TITAN,0.25468738266229296
SUNPHARMA,TITAN,0.21433530653784244
TATACONSUMER,TITAN,0.311261954407186
TATAMOTORS,TITAN,0.2743233315396281
TATASTEEL,TITAN,0.293415635666182
TCS,TITAN,0.14547519373806522
TECHM,TITAN,0.24338876058738682
TITAN,TITAN,1.0
TRENT,TITAN,0.19434648685854894
ULTRACEMCO,TITAN,0.35391981099808834
WIPRO,TITAN,0.25962272640333295
,TRENT,0.034250779269502325
ADANIGREEN,TRENT,0.19041163423274673
ADANIPORTS,TRENT,0.20107648053316038
AIRTEL,TRENT,0.24792743014681906
APOLLOHOSP,TRENT,0.08951570956025826
ASIANPAINT,TRENT,0.2230941660957296
AXISBANK,TRENT,0.19974789949861588
BAJAJ-AUTO,TRENT,0.22339932769929818
BAJAJFINSV,TRENT,0.2011333559796427
BAJFINANCE,TRENT,0.2291884576301165
BEL,TRENT,0.26341500708955246
BPCL,TRENT,0.21275481754652759
CIPLA,TRENT,0.13647299223916814
COALINDIA,TRENT,0.2546288946903731
DRREDDY,TRENT,0.16886989172802994
EICHERMOT,TRENT,0.2346391132145663
GRASIM,TRENT,0.24146931715943976
HCLTECH,TRENT,0.20742160822044678
HDFCBANK,TRENT,0.10273877743327112
HDFCLIFE,TRENT,0.2021288353139199
HEROMOTOCO,TRENT,0.21854493396314334
HINDALCO,TRENT,0.2686296649861686
HINDUNILVR,TRENT,0.08396386149458931
ICICIBANK,TRENT,0.12165853749450802
INDUSINDBK,TRENT,0.19912566574353294
INFY,TRENT,0.15099133419807098
ITC,TRENT,0.15149140688379087
JSWSTEEL,TRENT,0.2569765048742589
KOTAKBANK,TRENT,0.08100530728761046
LT,TRENT,0.185278686244984
M&M,TRENT,0.2490129874357562
MARUTI,TRENT,0.18332063774660176
NESTLEIND,TRENT,0.13667421983085679
NTPC,TRENT,0.23573593930493564
ONGC,TRENT,0.21158537627926283
POWERGRID,TRENT,0.20054240492119357
RELIANCE,TRENT,0.28277871345729444
SBILIFE,TRENT,0.17080038021293914
SBIN,TRENT,0.2764913797082071
SHRIRAMFIN,TRENT,0.22869102349668793
SUNPHARMA,TRENT,0.2563798939294317
TATACONSUMER,TRENT,0.18599531366991434
TATAMOTORS,TRENT,0.22243693686076582
TATASTEEL,TRENT,0.21874786789532918
TCS,TRENT,0.12202060401676924
TECHM,TRENT,0.1507506123095131
TITAN,TRENT,0.19434648685854894
TRENT,TRENT,1.0
ULTRACEMCO,TRENT,0.2952261771585305
WIPRO,TRENT,0.15045233882425924
,ULTRACEMCO,0.18181408288916096
ADANIGREEN,ULTRACEMCO,0.3611521740873146
ADANIPORTS,ULTRACEMCO,0.4024886309461049
AIRTEL,ULTRACEMCO,0.35412077020875876
APOLLOHOSP,ULTRACEMCO,0.2729509090857476
ASIANPAINT,ULTRACEMCO,0.28064729044156406
AXISBANK,ULTRACEMCO,0.3970237616996549
BAJAJ-AUTO,ULTRACEMCO,0.26334151930303756
BAJAJFINSV,ULTRACEMCO,0.46310659739899224
BAJFINANCE,ULTRACEMCO,0.43455823502959556
BEL,ULTRACEMCO,0.43550141959102606
BPCL,ULTRACEMCO,0.40165052617642993
CIPLA,ULTRACEMCO,0.1333282702269815
COALINDIA,ULTRACEMCO,0.32122101334479675
DRREDDY,ULTRACEMCO,0.2515584923990298
EICHERMOT,ULTRACEMCO,0.304244015171215
GRASIM,ULTRACEMCO,0.5901162976104107
HCLTECH,ULTRACEMCO,0.2054418465312309
HDFCBANK,ULTRACEMCO,0.3602093012902187
HDFCLIFE,ULTRACEMCO,0.24181937039404472
HEROMOTOCO,ULTRACEMCO,0.29538277419468284
HINDALCO,ULTRACEMCO,0.31358994611663726
HINDUNILVR,ULTRACEMCO,0.16512597603054094
ICICIBANK,ULTRACEMCO,0.43020807625861485
INDUSINDBK,ULTRACEMCO,0.3450658328483518
INFY,ULTRACEMCO,0.2245645717144445
ITC,ULTRACEMCO,0.2601443621252303
JSWSTEEL,ULTRACEMCO,0.5466431320829088
KOTAKBANK,ULTRACEMCO,0.33477011685126007
LT,ULTRACEMCO,0.4731743891296249
M&M,ULTRACEMCO,0.41864382328347893
MARUTI,ULTRACEMCO,0.34917394166857707
NESTLEIND,ULTRACEMCO,0.27818421339220467
NTPC,ULTRACEMCO,0.4485236398684601
ONGC,ULTRACEMCO,0.4045192212328132
POWERGRID,ULTRACEMCO,0.3966844523358626
RELIANCE,ULTRACEMCO,0.4903816604229934
SBILIFE,ULTRACEMCO,0.26679702593472526
SBIN,ULTRACEMCO,0.42549397080611384
SHRIRAMFIN,ULTRACEMCO,0.4682391588172857
SUNPHARMA,ULTRACEMCO,0.23244140957920428
TATACONSUMER,ULTRACEMCO,0.2449721358386307
TATAMOTORS,ULTRACEMCO,0.3539462991832997
TATASTEEL,ULTRACEMCO,0.47172234029698507
TCS,ULTRACEMCO,0.2386785789969207
TECHM,ULTRACEMCO,0.26990380306298
TITAN,ULTRACEMCO,0.35391981099808834
TRENT,ULTRACEMCO,0.2952261771585305
ULTRACEMCO,ULTRACEMCO,1.0
WIPRO,ULTRACEMCO,0.29150431767486
,WIPRO,0.1691095118602568
ADANIGREEN,WIPRO,0.22400300357869157
ADANIPORTS,WIPRO,0.23898560924883147
AIRTEL,WIPRO,0.25913138188953433
APOLLOHOSP,WIPRO,0.2237380831811699
ASIANPAINT,WIPRO,0.14064240159229244
AXISBANK,WIPRO,0.20780225668871427
BAJAJ-AUTO,WIPRO,0.10249225299600981
BAJAJFINSV,WIPRO,0.3066495143438878
BAJFINANCE,WIPRO,0.2385161788096081
BEL,WIPRO,0.2558540800203393
BPCL,WIPRO,0.211944821719478
CIPLA,WIPRO,0.08759535187024256
COALINDIA,WIPRO,0.23579396811295908
DRREDDY,WIPRO,0.2798386129571328
EICHERMOT,WIPRO,0.2622352946442781
GRASIM,WIPRO,0.24500198872893586
HCLTECH,WIPRO,0.5806673330151051
HDFCBANK,WIPRO,0.19359915108672426
HDFCLIFE,WIPRO,0.19426052160800375
HEROMOTOCO,WIPRO,0.20458284696276116
HINDALCO,WIPRO,0.26224405992406435
HINDUNILVR,WIPRO,0.1854248258572572
ICICIBANK,WIPRO,0.22165481981934443
INDUSINDBK,WIPRO,0.18657329941675105
INFY,WIPRO,0.5712075926608157
ITC,WIPRO,0.23313948599308476
JSWSTEEL,WIPRO,0.3603737925268316
KOTAKBANK,WIPRO,0.24581233545254239
LT,WIPRO,0.319899103403512
M&M,WIPRO,0.29997073083823717
MARUTI,WIPRO,0.20520578325333694
NESTLEIND,WIPRO,0.14970768737192983
NTPC,WIPRO,0.20293502242044653
ONGC,WIPRO,0.28896703743415564
POWERGRID,WIPRO,0.1666307694546469
RELIANCE,WIPRO,0.3643132113932491
SBILIFE,WIPRO,0.24633833029878258
SBIN,WIPRO,0.24353074067147876
SHRIRAMFIN,WIPRO,0.29860701912305104
SUNPHARMA,WIPRO,0.192644191257594
TATACONSUMER,WIPRO,0.24910729703860784
TATAMOTORS,WIPRO,0.3117965429853704
TATASTEEL,WIPRO,0.33180783446380907
TCS,WIPRO,0.5914274914931765
TECHM,WIPRO,0.5992532284803614
TITAN,WIPRO,0.25962272640333295
TRENT,WIPRO,0.15045233882425924
ULTRACEMCO,WIPRO,0.29150431767486
WIPRO,WIPRO,1.0
